url,label
https://python.org/help/faq,0
https://docs.wikipedia.org/user/settings,0
https://app.netflix.com/contact,0
http://nf6x4.xyz/irs/confirm-password,1
http://100.96.35.118/verify/amazon/login.php,1
https://app.apple.com/user/settings,0
http://amazon.28xd.cf/account/update,1
https://linkedin.com/search?q=python,0
http://amazon-support-7tdno.cf/webscr?cmd=login,1
https://paypal.account-verify-h53x.info/,1
https://docs.netflix.com/blog/2026/07/update,0
http://secure-facebook-mjv39y2.com/signin?token=990867,1
http://paypal.q8nhs56h.gq/account/update,1
http://sjbuxv0.top/instagram/confirm-password,1
http://chase-support-zu2iu1u.ga/webscr?cmd=login,1
https://wellsfargo.account-verify-eykzn.cf/,1
https://amazon.com/products,0
https://amazon.account-verify-m4eo5.top/,1
https://app.linkedin.com/pricing,0
https://dropbox.com/pricing,0
https://microsoft.account-verify-67l6xcn.xyz/,1
http://google.8req61cu.cf/account/update,1
https://instagram.account-verify-s5b09ecm.top/,1
https://docs.python.org/products,0
http://instagram.0no39y.info/account/update,1
http://netflix-support-f9u5dzt.xyz/webscr?cmd=login,1
https://irs.account-verify-d5scojw.tk/,1
https://stackoverflow.com/blog/2026/07/update,0
http://secure-google-139q6to.com/signin?token=445250,1
https://docs.wikipedia.org/user/settings,0
https://app.google.com/about,0
https://www.wikipedia.org/,0
https://docs.python.org/about,0
http://secure-amazon-1xdg.com/signin?token=695940,1
http://p5o1rg5.tk/amazon/confirm-password,1
https://www.python.org/,0
https://docs.google.com/about,0
http://facebook-secure-login.gq/verify,1
http://1480k.ml/amazon/confirm-password,1
https://www.wikipedia.org/blog/2026/07/update,0
https://app.spotify.com/user/settings,0
https://docs.python.org/blog/2026/07/update,0
https://docs.figma.com/search?q=python,0
https://docs.dropbox.com/contact,0
https://app.amazon.com/docs/getting-started,0
https://wikipedia.org/search?q=python,0
https://docs.microsoft.com/pricing,0
https://app.figma.com/contact,0
https://docs.amazon.com/docs/getting-started,0
http://dzgkdnq4.gq/wellsfargo/confirm-password,1
http://instagram.igpe.xyz/account/update,1
https://app.amazon.com/contact,0
http://2.17.223.126/verify/microsoft/login.php,1
https://www.apple.com/,0
http://instagram-secure-login.top/verify,1
https://docs.salesforce.com/blog/2026/07/update,0
https://wikipedia.org/search?q=python,0
http://google-support-h9o6u.ga/webscr?cmd=login,1
http://wnrlm5.ga/amazon/confirm-password,1
https://www.notion.so/contact,0
http://144.244.36.142/verify/bankofamerica/login.php,1
https://app.khanacademy.org/,0
https://app.linkedin.com/search?q=python,0
http://chase-secure-login.top/verify,1
http://facebook-secure-login.top/verify,1
https://www.amazon.com/,0
http://googlelogin.gq-secure.net/index.html,1
https://www.wikipedia.org/contact,0
https://apple.com/pricing,0
https://docs.python.org/contact,0
http://secure-facebook-jt9f.com/signin?token=524147,1
https://docs.salesforce.com/pricing,0
https://docs.reddit.com/search?q=python,0
https://docs.amazon.com/docs/getting-started,0
http://195.148.97.237/verify/facebook/login.php,1
http://paypal-secure-login.info/verify,1
http://secure-microsoft-s3d2o.com/signin?token=649697,1
http://paypal-support-a373dfd.top/webscr?cmd=login,1
http://netflixlogin.info-secure.com/index.html,1
https://irs.account-verify-xv0n9.cf/,1
https://apple.account-verify-qgs37vxa.xyz/,1
https://app.reddit.com/,0
http://secure-netflix-jn7bs08.com/signin?token=977980,1
https://www.figma.com/products,0
http://secure-apple-ge3x.com/signin?token=683883,1
http://cdp9aj.top/amazon/confirm-password,1
http://chase-support-3x2k9x5v.gq/webscr?cmd=login,1
https://coursera.org/contact,0
https://www.spotify.com/help/faq,0
https://docs.amazon.com/blog/2026/07/update,0
http://irslogin.top-secure.com/index.html,1
https://app.salesforce.com/contact,0
https://apple.com/about,0
http://amazon-secure-login.ga/verify,1
http://170.113.186.164/verify/wellsfargo/login.php,1
http://instagramlogin.ga-secure.com/index.html,1
https://docs.apple.com/about,0
https://bbc.com/user/settings,0
https://docs.microsoft.com/about,0
http://vtfpk4eu.top/chase/confirm-password,1
http://h31k5s.tk/netflix/confirm-password,1
https://docs.linkedin.com/blog/2026/07/update,0
http://secure-bankofamerica-5ntz.com/signin?token=656687,1
http://213.185.122.169/verify/chase/login.php,1
http://bankofamericalogin.gq-secure.com/index.html,1
http://bankofamerica-secure-login.top/verify,1
http://secure-microsoft-l5fvw8.com/signin?token=776798,1
https://amazon.account-verify-ej0g1.ml/,1
https://chase.account-verify-z5b9a93.gq/,1
https://chase.account-verify-804ey.ga/,1
http://wellsfargologin.gq-secure.com/index.html,1
http://secure-microsoft-t6tu7.com/signin?token=495797,1
https://chase.account-verify-k1qt68y.ml/,1
http://bih01z.cf/bankofamerica/confirm-password,1
http://2yqftcb.ga/bankofamerica/confirm-password,1
https://docs.notion.so/pricing,0
https://app.khanacademy.org/search?q=python,0
https://dropbox.com/user/settings,0
https://reddit.com/pricing,0
https://bankofamerica.account-verify-ogza83uj.xyz/,1
http://microsoft.a6g5j.info/account/update,1
http://9z4iqa6j.ga/chase/confirm-password,1
http://wellsfargo.vs2v2q.info/account/update,1
http://wellsfargo-support-oudmz.tk/webscr?cmd=login,1
https://apple.account-verify-vxht.top/,1
http://secure-google-je238.com/signin?token=639795,1
http://13.42.145.45/verify/google/login.php,1
http://amazon-support-i49m5.top/webscr?cmd=login,1
http://amazon.gilchc2.ml/account/update,1
http://secure-instagram-bkuyroq.com/signin?token=699281,1
https://docs.coursera.org/,0
http://instagram.9jpkuxp8.gq/account/update,1
http://secure-facebook-ahb3h.com/signin?token=774291,1
https://docs.reddit.com/blog/2026/07/update,0
https://app.linkedin.com/help/faq,0
http://chase-secure-login.top/verify,1
https://www.linkedin.com/pricing,0
http://94.90.198.165/verify/netflix/login.php,1
https://www.wikipedia.org/user/settings,0
https://app.linkedin.com/pricing,0
https://apple.account-verify-3ghpb.gq/,1
https://www.khanacademy.org/contact,0
https://nytimes.com/docs/getting-started,0
https://www.stackoverflow.com/docs/getting-started,0
https://irs.account-verify-2kgn6.ga/,1
http://107.154.190.157/verify/google/login.php,1
http://1qq81.xyz/chase/confirm-password,1
https://www.figma.com/blog/2026/07/update,0
https://app.bbc.com/contact,0
https://apple.com/products,0
http://secure-apple-45h8m5.com/signin?token=356307,1
https://instagram.account-verify-hv7dg.top/,1
http://2.83.88.124/verify/facebook/login.php,1
http://19.89.126.172/verify/amazon/login.php,1
http://facebook.ffmjy.ml/account/update,1
https://stackoverflow.com/docs/getting-started,0
https://docs.coursera.org/products,0
http://secure-netflix-ivlu4ev.com/signin?token=19506,1
https://microsoft.com/blog/2026/07/update,0
https://www.apple.com/products,0
http://netflixlogin.top-secure.com/index.html,1
https://facebook.account-verify-3f7sj8xy.top/,1
https://app.reddit.com/user/settings,0
https://docs.figma.com/search?q=python,0
https://docs.wikipedia.org/blog/2026/07/update,0
http://51.177.130.105/verify/google/login.php,1
https://docs.khanacademy.org/help/faq,0
http://paypallogin.xyz-secure.com/index.html,1
https://app.nytimes.com/docs/getting-started,0
http://irs.z987.ga/account/update,1
https://docs.spotify.com/pricing,0
http://google.004rf.ga/account/update,1
http://secure-bankofamerica-ooi3k5l8.com/signin?token=904011,1
http://amazonlogin.ga-secure.net/index.html,1
http://1.101.126.118/verify/wellsfargo/login.php,1
https://app.microsoft.com/docs/getting-started,0
http://bankofamerica-support-qtqe6.ml/webscr?cmd=login,1
https://www.bbc.com/blog/2026/07/update,0
https://docs.khanacademy.org/search?q=python,0
http://yhdmpp.top/apple/confirm-password,1
https://reddit.com/products,0
https://app.microsoft.com/docs/getting-started,0
https://www.google.com/pricing,0
https://paypal.account-verify-rk304s7n.xyz/,1
https://nytimes.com/user/settings,0
https://www.khanacademy.org/contact,0
https://coursera.org/blog/2026/07/update,0
https://docs.netflix.com/,0
https://google.account-verify-3ska.info/,1
http://facebook.rlqgi.ga/account/update,1
http://chase-secure-login.top/verify,1
https://docs.netflix.com/help/faq,0
http://paypal-secure-login.xyz/verify,1
http://197.200.146.24/verify/netflix/login.php,1
https://app.khanacademy.org/docs/getting-started,0
http://microsoft-support-rfc4c.cf/webscr?cmd=login,1
http://secure-microsoft-tujg7inc.com/signin?token=482682,1
http://irs-support-gpsq.top/webscr?cmd=login,1
https://bbc.com/docs/getting-started,0
http://80.53.150.22/verify/paypal/login.php,1
https://docs.linkedin.com/pricing,0
http://1cuz.gq/microsoft/confirm-password,1
https://www.bbc.com/products,0
http://google.d3ke.info/account/update,1
http://secure-paypal-i3wl.com/signin?token=252366,1
http://paypal.wdhovs.ga/account/update,1
http://wellsfargologin.xyz-secure.com/index.html,1
https://amazon.com/user/settings,0
http://facebook-support-2fhwiyo.top/webscr?cmd=login,1
http://apple.38lb2.xyz/account/update,1
https://docs.wikipedia.org/docs/getting-started,0
https://microsoft.com/search?q=python,0
http://apple-support-77riu1x.gq/webscr?cmd=login,1
https://docs.khanacademy.org/docs/getting-started,0
http://google-secure-login.tk/verify,1
http://155.148.18.109/verify/netflix/login.php,1
http://wellsfargo.q5iolj.ga/account/update,1
http://tfzneu.cf/facebook/confirm-password,1
http://secure-apple-du60282.com/signin?token=294116,1
https://www.amazon.com/blog/2026/07/update,0
http://wellsfargo-secure-login.info/verify,1
https://amazon.com/,0
http://paypal.mxc7q.info/account/update,1
https://www.bbc.com/user/settings,0
https://facebook.account-verify-j3eungl.ml/,1
http://microsoft.390c.ml/account/update,1
https://www.microsoft.com/search?q=python,0
https://docs.linkedin.com/about,0
https://bbc.com/pricing,0
https://app.figma.com/about,0
http://secure-paypal-xi27vl.com/signin?token=745378,1
https://chase.account-verify-o1cyz.ga/,1
https://app.khanacademy.org/about,0
https://app.salesforce.com/contact,0
https://netflix.account-verify-jerz.gq/,1
https://www.wikipedia.org/docs/getting-started,0
http://microsoftlogin.xyz-secure.com/index.html,1
https://docs.coursera.org/pricing,0
https://figma.com/pricing,0
http://chase.qzmadwo.xyz/account/update,1
https://docs.netflix.com/help/faq,0
https://docs.netflix.com/search?q=python,0
https://www.netflix.com/user/settings,0
https://docs.apple.com/products,0
http://157.124.215.113/verify/microsoft/login.php,1
http://google-support-kzplhh.xyz/webscr?cmd=login,1
http://googlelogin.gq-secure.com/index.html,1
https://notion.so/about,0
http://bankofamerica-secure-login.xyz/verify,1
http://230.48.119.189/verify/apple/login.php,1
http://secure-netflix-8whycigg.com/signin?token=603902,1
https://stackoverflow.com/contact,0
https://wikipedia.org/products,0
http://chaselogin.gq-secure.com/index.html,1
https://www.python.org/,0
http://secure-amazon-x2j2c6m.com/signin?token=806882,1
https://wellsfargo.account-verify-90zas.ga/,1
https://app.reddit.com/products,0
https://www.figma.com/search?q=python,0
http://secure-instagram-khckzi.com/signin?token=481961,1
http://1yb3ntsy.gq/instagram/confirm-password,1
https://reddit.com/,0
https://app.bbc.com/docs/getting-started,0
http://apple.usp2.tk/account/update,1
https://khanacademy.org/about,0
http://instagram-secure-login.ml/verify,1
http://7drfseu.tk/paypal/confirm-password,1
http://instagramlogin.ga-secure.com/index.html,1
http://secure-bankofamerica-7nl8.com/signin?token=847965,1
http://google-secure-login.cf/verify,1
http://k74l4ya.xyz/google/confirm-password,1
http://irslogin.tk-secure.net/index.html,1
http://irslogin.ml-secure.com/index.html,1
http://microsoftlogin.info-secure.com/index.html,1
http://instagram.zn1vyh.top/account/update,1
http://netflixlogin.ml-secure.com/index.html,1
http://secure-amazon-1l36192.com/signin?token=404402,1
http://127.163.98.213/verify/irs/login.php,1
https://microsoft.com/about,0
http://mawbxv0.tk/microsoft/confirm-password,1
https://app.apple.com/about,0
http://140.108.91.61/verify/amazon/login.php,1
https://bbc.com/about,0
http://paypallogin.gq-secure.net/index.html,1
https://instagram.account-verify-qi09m.xyz/,1
https://chase.account-verify-qwqf6bh3.ml/,1
https://github.com/,0
http://secure-microsoft-tkn5.com/signin?token=455527,1
https://bbc.com/docs/getting-started,0
http://23.189.123.114/verify/wellsfargo/login.php,1
https://chase.account-verify-9pshvvg.xyz/,1
https://spotify.com/products,0
https://www.figma.com/about,0
https://nytimes.com/pricing,0
http://microsoft-secure-login.xyz/verify,1
http://secure-microsoft-buiof.com/signin?token=764094,1
http://applelogin.ga-secure.com/index.html,1
http://irs-support-qq7u1k.xyz/webscr?cmd=login,1
http://netflixlogin.top-secure.net/index.html,1
https://app.salesforce.com/,0
http://netflix-secure-login.cf/verify,1
https://facebook.account-verify-ocjgxe.ml/,1
http://15.23.125.134/verify/apple/login.php,1
https://apple.com/blog/2026/07/update,0
http://irs-support-ethzpp.cf/webscr?cmd=login,1
https://app.salesforce.com/search?q=python,0
http://irslogin.gq-secure.com/index.html,1
https://app.python.org/,0
http://secure-wellsfargo-l1fcxo.com/signin?token=994005,1
http://secure-instagram-ias375z.com/signin?token=578047,1
http://applelogin.ga-secure.com/index.html,1
http://irs.dszcxz6.tk/account/update,1
https://www.nytimes.com/contact,0
https://www.figma.com/products,0
http://paypallogin.tk-secure.com/index.html,1
http://secure-microsoft-65xdy1.com/signin?token=772399,1
https://www.notion.so/user/settings,0
http://secure-amazon-0k8v52o1.com/signin?token=909678,1
http://irslogin.xyz-secure.net/index.html,1
https://docs.salesforce.com/pricing,0
https://app.amazon.com/,0
http://secure-bankofamerica-lz2a6z0.com/signin?token=738770,1
http://apple.vgiox56.ml/account/update,1
https://wikipedia.org/search?q=python,0
https://app.github.com/help/faq,0
https://khanacademy.org/docs/getting-started,0
http://amazonlogin.ml-secure.net/index.html,1
https://docs.python.org/pricing,0
http://instagramlogin.gq-secure.com/index.html,1
http://ra8hanc.ga/paypal/confirm-password,1
http://bankofamericalogin.ml-secure.net/index.html,1
https://docs.dropbox.com/,0
https://app.stackoverflow.com/help/faq,0
http://27.88.54.209/verify/irs/login.php,1
https://www.spotify.com/about,0
https://linkedin.com/,0
https://docs.notion.so/help/faq,0
http://netflixlogin.top-secure.net/index.html,1
http://secure-wellsfargo-u7ccbj.com/signin?token=508348,1
https://netflix.account-verify-2nqgz.gq/,1
http://google-secure-login.tk/verify,1
https://apple.com/,0
https://docs.bbc.com/contact,0
https://app.apple.com/help/faq,0
http://instagram-support-bazhak43.ml/webscr?cmd=login,1
https://khanacademy.org/about,0
http://irs.3u9g2ltz.info/account/update,1
https://spotify.com/docs/getting-started,0
https://apple.account-verify-yh5kh.xyz/,1
https://nytimes.com/about,0
http://lzjuxy.gq/facebook/confirm-password,1
http://facebook-secure-login.ga/verify,1
https://dropbox.com/blog/2026/07/update,0
https://www.khanacademy.org/docs/getting-started,0
https://docs.dropbox.com/user/settings,0
http://gioxy26m.info/netflix/confirm-password,1
https://app.khanacademy.org/,0
http://apple-secure-login.xyz/verify,1
https://app.python.org/,0
http://secure-netflix-vo01z8.com/signin?token=315192,1
http://secure-apple-slaa.com/signin?token=635896,1
https://www.reddit.com/contact,0
http://irs.injr720.gq/account/update,1
http://paypallogin.gq-secure.net/index.html,1
http://wellsfargo-support-dnxac.info/webscr?cmd=login,1
https://docs.python.org/search?q=python,0
https://amazon.account-verify-rrzw4z5.cf/,1
https://www.khanacademy.org/contact,0
https://docs.spotify.com/help/faq,0
https://app.notion.so/docs/getting-started,0
https://google.account-verify-6mjobmw.ml/,1
https://app.apple.com/search?q=python,0
https://app.bbc.com/help/faq,0
https://paypal.account-verify-2j0zbi.info/,1
https://app.khanacademy.org/pricing,0
http://secure-microsoft-308eg.com/signin?token=715039,1
https://docs.microsoft.com/blog/2026/07/update,0
http://netflix-secure-login.tk/verify,1
https://app.amazon.com/user/settings,0
http://npnmmx39.top/bankofamerica/confirm-password,1
https://app.nytimes.com/user/settings,0
http://google-secure-login.xyz/verify,1
https://app.salesforce.com/blog/2026/07/update,0
http://amazon-secure-login.cf/verify,1
https://docs.linkedin.com/docs/getting-started,0
http://chase-secure-login.ga/verify,1
https://www.salesforce.com/about,0
https://app.stackoverflow.com/contact,0
https://docs.figma.com/search?q=python,0
http://google-support-hp0jr6o.ga/webscr?cmd=login,1
http://googlelogin.xyz-secure.com/index.html,1
https://wellsfargo.account-verify-jy0bi.info/,1
http://facebook-support-jdwcj.cf/webscr?cmd=login,1
https://app.coursera.org/about,0
https://notion.so/docs/getting-started,0
https://docs.python.org/docs/getting-started,0
https://www.linkedin.com/help/faq,0
https://www.nytimes.com/pricing,0
https://spotify.com/blog/2026/07/update,0
http://chaselogin.cf-secure.net/index.html,1
http://amazon.nztak5.xyz/account/update,1
http://google.zi1r.ga/account/update,1
http://microsoft-secure-login.gq/verify,1
https://khanacademy.org/search?q=python,0
http://paypal-secure-login.ml/verify,1
https://docs.bbc.com/pricing,0
https://www.khanacademy.org/about,0
http://amazon-support-jn5s.top/webscr?cmd=login,1
https://app.khanacademy.org/contact,0
http://bankofamericalogin.info-secure.net/index.html,1
http://microsoft.02f6njx8.ga/account/update,1
https://app.nytimes.com/help/faq,0
http://secure-chase-vjkjl.com/signin?token=807519,1
https://app.dropbox.com/pricing,0
http://secure-chase-rf9yyw0.com/signin?token=661972,1
http://apple-support-28kcv6j.xyz/webscr?cmd=login,1
https://docs.spotify.com/contact,0
http://160.109.20.141/verify/apple/login.php,1
http://facebooklogin.xyz-secure.net/index.html,1
https://app.github.com/products,0
https://docs.spotify.com/products,0
https://microsoft.com/products,0
http://microsoft-secure-login.ga/verify,1
https://www.reddit.com/help/faq,0
https://www.bbc.com/,0
https://google.com/docs/getting-started,0
https://docs.spotify.com/products,0
http://chase.xvthga9.ga/account/update,1
https://google.com/help/faq,0
https://bbc.com/user/settings,0
http://secure-wellsfargo-b9zv1.com/signin?token=711828,1
https://wikipedia.org/about,0
http://89.116.125.129/verify/irs/login.php,1
https://netflix.account-verify-ljcn17.xyz/,1
http://paypal-secure-login.gq/verify,1
http://bankofamericalogin.cf-secure.net/index.html,1
https://docs.dropbox.com/products,0
http://secure-instagram-5aflasjt.com/signin?token=171190,1
https://bbc.com/help/faq,0
https://www.nytimes.com/pricing,0
https://app.github.com/user/settings,0
https://docs.bbc.com/docs/getting-started,0
https://www.reddit.com/docs/getting-started,0
http://facebook-support-dry5.top/webscr?cmd=login,1
https://app.wikipedia.org/docs/getting-started,0
https://www.spotify.com/contact,0
https://www.coursera.org/contact,0
http://3cp78zc.tk/chase/confirm-password,1
http://xbtt6h.cf/microsoft/confirm-password,1
http://bankofamerica.v6jtjb.ml/account/update,1
http://wellsfargologin.tk-secure.com/index.html,1
http://232.74.44.167/verify/instagram/login.php,1
https://apple.com/help/faq,0
https://docs.github.com/contact,0
https://app.python.org/help/faq,0
https://docs.stackoverflow.com/about,0
http://secure-irs-w8sf5rh1.com/signin?token=67733,1
https://app.spotify.com/blog/2026/07/update,0
http://209.104.31.71/verify/chase/login.php,1
http://152.141.75.138/verify/microsoft/login.php,1
https://facebook.account-verify-95wld4a.cf/,1
https://apple.account-verify-u2nt6.xyz/,1
http://microsoftlogin.ml-secure.com/index.html,1
http://100.197.97.179/verify/paypal/login.php,1
https://docs.apple.com/search?q=python,0
https://www.amazon.com/search?q=python,0
https://app.coursera.org/user/settings,0
https://www.netflix.com/blog/2026/07/update,0
https://www.apple.com/blog/2026/07/update,0
http://secure-wellsfargo-4muis.com/signin?token=68961,1
https://chase.account-verify-q9m5sr.xyz/,1
http://apple-secure-login.xyz/verify,1
https://www.dropbox.com/about,0
https://reddit.com/products,0
https://dropbox.com/,0
http://applelogin.ga-secure.net/index.html,1
https://docs.dropbox.com/blog/2026/07/update,0
https://chase.account-verify-euv5n4.cf/,1
http://chase.5ml3akh0.top/account/update,1
https://coursera.org/pricing,0
https://www.reddit.com/pricing,0
http://irs-support-xkzm.cf/webscr?cmd=login,1
https://docs.khanacademy.org/about,0
https://salesforce.com/user/settings,0
http://secure-microsoft-flpn1f.com/signin?token=760309,1
https://amazon.account-verify-b62e6l3r.tk/,1
https://microsoft.com/help/faq,0
http://secure-microsoft-hdk3z4.com/signin?token=317006,1
https://dropbox.com/pricing,0
https://spotify.com/products,0
https://docs.dropbox.com/user/settings,0
https://docs.nytimes.com/,0
https://docs.microsoft.com/,0
https://docs.amazon.com/user/settings,0
https://bbc.com/products,0
http://microsoftlogin.top-secure.com/index.html,1
https://spotify.com/contact,0
https://docs.apple.com/blog/2026/07/update,0
http://netflix.exc8.cf/account/update,1
https://salesforce.com/help/faq,0
https://www.khanacademy.org/user/settings,0
https://www.github.com/search?q=python,0
https://app.python.org/about,0
http://gu9et83.ga/facebook/confirm-password,1
https://google.com/user/settings,0
https://app.dropbox.com/docs/getting-started,0
https://docs.stackoverflow.com/search?q=python,0
http://4iuz.info/facebook/confirm-password,1
http://164.77.51.93/verify/wellsfargo/login.php,1
http://11dg9y.cf/netflix/confirm-password,1
https://app.stackoverflow.com/user/settings,0
https://docs.salesforce.com/user/settings,0
https://app.amazon.com/docs/getting-started,0
https://www.python.org/about,0
http://netflix.wpy1zgq.cf/account/update,1
https://app.google.com/user/settings,0
https://www.spotify.com/blog/2026/07/update,0
https://coursera.org/contact,0
https://notion.so/user/settings,0
http://instagram.wukfz.ga/account/update,1
http://4scb.cf/chase/confirm-password,1
http://245.133.252.122/verify/facebook/login.php,1
http://irs-secure-login.top/verify,1
http://facebook.5xcr5.gq/account/update,1
https://reddit.com/,0
https://microsoft.com/about,0
https://docs.wikipedia.org/pricing,0
https://app.nytimes.com/docs/getting-started,0
https://docs.stackoverflow.com/pricing,0
http://applelogin.top-secure.net/index.html,1
http://irs.kgy97cd.xyz/account/update,1
http://apple-support-na7l0ep5.ga/webscr?cmd=login,1
https://docs.wikipedia.org/about,0
http://netflix-support-elish.gq/webscr?cmd=login,1
https://bbc.com/docs/getting-started,0
https://docs.notion.so/contact,0
https://www.reddit.com/about,0
https://apple.com/search?q=python,0
http://158.27.64.58/verify/apple/login.php,1
https://www.python.org/about,0
http://secure-amazon-esvup.com/signin?token=754549,1
https://google.account-verify-4sbo11t.gq/,1
http://apple.bkanx3.ml/account/update,1
https://figma.com/pricing,0
http://chaselogin.tk-secure.net/index.html,1
http://wellsfargo-secure-login.cf/verify,1
https://www.coursera.org/user/settings,0
http://chaselogin.top-secure.com/index.html,1
http://secure-irs-o62sa.com/signin?token=157543,1
http://irs-secure-login.tk/verify,1
http://apple.ib5azych.top/account/update,1
https://docs.coursera.org/docs/getting-started,0
https://docs.microsoft.com/,0
http://microsoft-support-ev75nyz.info/webscr?cmd=login,1
http://facebook-support-tjcog.tk/webscr?cmd=login,1
http://secure-instagram-yibgce.com/signin?token=120403,1
https://app.linkedin.com/pricing,0
http://microsoft-secure-login.gq/verify,1
http://iaebj.ga/chase/confirm-password,1
https://github.com/search?q=python,0
https://www.amazon.com/blog/2026/07/update,0
https://bbc.com/blog/2026/07/update,0
http://wellsfargo.0jjtm9.ga/account/update,1
http://secure-bankofamerica-jsyib.com/signin?token=881794,1
https://www.coursera.org/help/faq,0
http://netflix.8jpt6rc.cf/account/update,1
https://app.linkedin.com/user/settings,0
https://app.spotify.com/docs/getting-started,0
https://www.linkedin.com/search?q=python,0
https://www.github.com/contact,0
http://bankofamerica-support-mwxe2kc.ml/webscr?cmd=login,1
http://facebook-secure-login.cf/verify,1
https://stackoverflow.com/about,0
https://linkedin.com/user/settings,0
http://ylrf.ga/netflix/confirm-password,1
https://netflix.account-verify-7e3dx7.cf/,1
https://docs.stackoverflow.com/user/settings,0
http://netflix-secure-login.ml/verify,1
https://www.netflix.com/search?q=python,0
https://app.figma.com/help/faq,0
https://app.netflix.com/docs/getting-started,0
https://app.apple.com/search?q=python,0
http://wellsfargo-support-6znlhcyg.tk/webscr?cmd=login,1
https://docs.nytimes.com/search?q=python,0
http://secure-irs-6guu9mn.com/signin?token=980713,1
https://app.coursera.org/blog/2026/07/update,0
http://amazonlogin.ga-secure.net/index.html,1
http://43.118.1.169/verify/facebook/login.php,1
http://irs-secure-login.top/verify,1
https://netflix.com/contact,0
https://www.linkedin.com/contact,0
http://wellsfargo.ck7nhbqp.gq/account/update,1
https://docs.dropbox.com/user/settings,0
http://635vwqk.info/chase/confirm-password,1
http://amazon-support-rt24lybn.ga/webscr?cmd=login,1
https://apple.account-verify-q9620n7b.top/,1
http://secure-wellsfargo-98yke.com/signin?token=942347,1
http://secure-wellsfargo-xxzr2li.com/signin?token=604867,1
https://www.netflix.com/user/settings,0
https://app.wikipedia.org/pricing,0
http://chase.5mi7c44g.cf/account/update,1
https://docs.notion.so/search?q=python,0
https://docs.github.com/docs/getting-started,0
https://www.microsoft.com/blog/2026/07/update,0
http://irslogin.xyz-secure.net/index.html,1
https://docs.figma.com/docs/getting-started,0
http://143.16.197.31/verify/netflix/login.php,1
https://app.dropbox.com/,0
https://apple.account-verify-dwhee70k.xyz/,1
http://secure-apple-of0eh4.com/signin?token=487993,1
https://bankofamerica.account-verify-niaj.info/,1
https://netflix.com/about,0
https://docs.linkedin.com/help/faq,0
https://docs.stackoverflow.com/search?q=python,0
https://netflix.com/help/faq,0
https://docs.apple.com/pricing,0
https://www.google.com/products,0
http://amazon.7yda8ag4.xyz/account/update,1
https://www.reddit.com/search?q=python,0
https://khanacademy.org/about,0
http://apple-secure-login.xyz/verify,1
http://apple.80q491.top/account/update,1
https://app.microsoft.com/help/faq,0
https://www.linkedin.com/about,0
https://docs.reddit.com/search?q=python,0
https://google.com/contact,0
http://irs-support-mzwgy4.top/webscr?cmd=login,1
https://app.google.com/docs/getting-started,0
http://secure-facebook-67z4kw.com/signin?token=676127,1
https://app.microsoft.com/search?q=python,0
http://secure-wellsfargo-u21q.com/signin?token=815231,1
https://docs.coursera.org/search?q=python,0
http://chase-secure-login.top/verify,1
http://netflixlogin.ga-secure.net/index.html,1
https://docs.coursera.org/products,0
https://irs.account-verify-c2k7olex.xyz/,1
https://www.salesforce.com/products,0
http://1.27.124.198/verify/irs/login.php,1
http://9.186.20.245/verify/facebook/login.php,1
http://5f3dx.ml/microsoft/confirm-password,1
https://www.nytimes.com/search?q=python,0
https://app.google.com/search?q=python,0
https://stackoverflow.com/contact,0
http://chaselogin.top-secure.net/index.html,1
https://netflix.com/blog/2026/07/update,0
https://www.google.com/contact,0
http://applelogin.gq-secure.net/index.html,1
https://app.figma.com/pricing,0
https://www.linkedin.com/contact,0
https://netflix.com/pricing,0
https://www.python.org/search?q=python,0
https://www.nytimes.com/help/faq,0
https://www.salesforce.com/blog/2026/07/update,0
https://app.nytimes.com/,0
https://docs.wikipedia.org/blog/2026/07/update,0
https://app.khanacademy.org/about,0
http://paypal-support-we3tz.ga/webscr?cmd=login,1
http://facebook.frca.info/account/update,1
https://app.netflix.com/contact,0
http://110.176.114.160/verify/irs/login.php,1
https://microsoft.com/help/faq,0
http://instagram.skqpzp.cf/account/update,1
http://instagramlogin.gq-secure.com/index.html,1
http://bsaw0hj1.cf/instagram/confirm-password,1
http://facebook.m8likt.cf/account/update,1
https://docs.nytimes.com/,0
https://app.google.com/products,0
http://secure-facebook-ahlj2x.com/signin?token=848082,1
http://applelogin.cf-secure.net/index.html,1
https://google.account-verify-3cyozjf.xyz/,1
https://app.apple.com/user/settings,0
http://irs-secure-login.info/verify,1
https://stackoverflow.com/help/faq,0
http://facebooklogin.ga-secure.com/index.html,1
https://app.microsoft.com/pricing,0
http://secure-irs-ivsx1cy.com/signin?token=251725,1
https://bankofamerica.account-verify-svzzkk.xyz/,1
https://www.github.com/user/settings,0
https://linkedin.com/about,0
https://www.bbc.com/docs/getting-started,0
https://docs.linkedin.com/search?q=python,0
http://google-secure-login.xyz/verify,1
http://secure-bankofamerica-lvehrj0k.com/signin?token=731119,1
https://docs.linkedin.com/products,0
http://198.102.135.196/verify/apple/login.php,1
https://figma.com/pricing,0
http://apple-secure-login.ga/verify,1
https://www.microsoft.com/search?q=python,0
https://www.spotify.com/blog/2026/07/update,0
http://zblmvv.ml/paypal/confirm-password,1
https://www.notion.so/search?q=python,0
https://wikipedia.org/pricing,0
https://app.github.com/docs/getting-started,0
https://app.wikipedia.org/,0
https://docs.wikipedia.org/search?q=python,0
http://7grpei32.ga/facebook/confirm-password,1
http://8mokcw.gq/wellsfargo/confirm-password,1
https://www.nytimes.com/products,0
http://amazon.k1dzcjd.xyz/account/update,1
https://app.wikipedia.org/help/faq,0
https://app.figma.com/user/settings,0
http://254uk.cf/chase/confirm-password,1
https://google.account-verify-7zyqx.cf/,1
http://netflix-secure-login.ga/verify,1
http://netflixlogin.xyz-secure.net/index.html,1
http://ckhew.cf/apple/confirm-password,1
https://www.amazon.com/contact,0
http://googlelogin.cf-secure.com/index.html,1
https://app.nytimes.com/user/settings,0
http://microsoft-support-wjghf.cf/webscr?cmd=login,1
https://www.nytimes.com/,0
https://salesforce.com/,0
http://secure-amazon-sz0i2x.com/signin?token=538373,1
http://apple.9mlc.xyz/account/update,1
https://app.github.com/help/faq,0
http://facebook-support-jgn96k.ml/webscr?cmd=login,1
http://googlelogin.gq-secure.com/index.html,1
https://www.linkedin.com/products,0
https://docs.stackoverflow.com/about,0
http://250.152.106.234/verify/wellsfargo/login.php,1
https://www.stackoverflow.com/contact,0
https://docs.salesforce.com/blog/2026/07/update,0
http://apple-support-n8haw.gq/webscr?cmd=login,1
https://stackoverflow.com/contact,0
https://www.google.com/products,0
https://docs.amazon.com/user/settings,0
http://microsoft.o9th9u.tk/account/update,1
http://irs.sudawor.gq/account/update,1
https://github.com/user/settings,0
http://bankofamerica.tw5lbjzy.top/account/update,1
https://www.netflix.com/products,0
https://microsoft.account-verify-slpi8rzo.ga/,1
https://docs.wikipedia.org/pricing,0
http://amazon-support-3qch7.cf/webscr?cmd=login,1
https://docs.khanacademy.org/search?q=python,0
http://apple-secure-login.ml/verify,1
https://stackoverflow.com/blog/2026/07/update,0
http://amazonlogin.tk-secure.net/index.html,1
https://spotify.com/blog/2026/07/update,0
https://docs.google.com/about,0
https://amazon.account-verify-ew09u3bd.ga/,1
https://netflix.com/help/faq,0
https://app.netflix.com/user/settings,0
https://apple.account-verify-2082.ga/,1
https://www.netflix.com/products,0
http://6euc1g7.xyz/apple/confirm-password,1
https://wikipedia.org/,0
https://www.nytimes.com/docs/getting-started,0
https://docs.github.com/blog/2026/07/update,0
http://paypallogin.gq-secure.net/index.html,1
https://www.notion.so/products,0
http://apple.dw4jewer.tk/account/update,1
http://amazon-secure-login.info/verify,1
http://instagram-support-musf.top/webscr?cmd=login,1
https://docs.spotify.com/about,0
https://irs.account-verify-zy18nl4.top/,1
http://instagram.opce.cf/account/update,1
https://www.amazon.com/docs/getting-started,0
https://coursera.org/help/faq,0
http://netflix-support-e44e7iq.tk/webscr?cmd=login,1
https://www.notion.so/docs/getting-started,0
http://secure-facebook-94z963.com/signin?token=745610,1
https://app.reddit.com/docs/getting-started,0
https://docs.netflix.com/,0
https://docs.google.com/products,0
https://www.github.com/blog/2026/07/update,0
http://google.72urmspv.tk/account/update,1
http://chase-support-fv2g7q.cf/webscr?cmd=login,1
https://bankofamerica.account-verify-ygr82.cf/,1
http://wellsfargo-secure-login.top/verify,1
http://facebooklogin.xyz-secure.net/index.html,1
http://google-support-o2tx9s.cf/webscr?cmd=login,1
http://netflixlogin.cf-secure.net/index.html,1
https://www.salesforce.com/about,0
http://bankofamerica.eevv1r.ml/account/update,1
http://netflix-support-2jdgd9i.gq/webscr?cmd=login,1
https://www.google.com/pricing,0
https://netflix.com/docs/getting-started,0
https://wikipedia.org/contact,0
https://docs.notion.so/pricing,0
https://app.stackoverflow.com/pricing,0
https://docs.salesforce.com/user/settings,0
http://247.51.155.183/verify/amazon/login.php,1
http://amazonlogin.ga-secure.com/index.html,1
https://docs.stackoverflow.com/products,0
https://docs.stackoverflow.com/pricing,0
http://139.165.79.128/verify/apple/login.php,1
http://microsoft-support-kx7az0.tk/webscr?cmd=login,1
https://www.notion.so/user/settings,0
http://instagramlogin.tk-secure.net/index.html,1
https://app.bbc.com/user/settings,0
https://app.figma.com/blog/2026/07/update,0
https://app.amazon.com/about,0
https://docs.linkedin.com/contact,0
https://app.bbc.com/help/faq,0
http://bankofamerica-support-05rfni.ml/webscr?cmd=login,1
https://www.salesforce.com/pricing,0
http://irs-secure-login.top/verify,1
http://facebook.g36097a.info/account/update,1
https://docs.reddit.com/blog/2026/07/update,0
https://docs.notion.so/about,0
https://notion.so/products,0
https://chase.account-verify-3hyatc.ga/,1
http://bankofamerica.zxphzd.info/account/update,1
https://amazon.com/help/faq,0
https://www.coursera.org/blog/2026/07/update,0
https://bankofamerica.account-verify-5l3l.ga/,1
https://netflix.account-verify-4adai0.gq/,1
http://secure-google-c8ht.com/signin?token=981452,1
http://secure-amazon-rlh2.com/signin?token=354925,1
https://app.amazon.com/,0
https://github.com/blog/2026/07/update,0
https://wellsfargo.account-verify-in7164.top/,1
https://khanacademy.org/docs/getting-started,0
http://bankofamericalogin.ml-secure.net/index.html,1
http://irslogin.tk-secure.net/index.html,1
https://www.python.org/search?q=python,0
http://78.231.219.133/verify/apple/login.php,1
https://app.github.com/about,0
http://secure-paypal-j4env.com/signin?token=219361,1
https://docs.linkedin.com/search?q=python,0
http://apple.od5q0tvj.top/account/update,1
https://nytimes.com/products,0
https://docs.microsoft.com/contact,0
http://applelogin.gq-secure.com/index.html,1
http://googlelogin.ml-secure.net/index.html,1
http://bankofamerica.ooltf.xyz/account/update,1
https://paypal.account-verify-awmk.ga/,1
http://secure-irs-qf1p7.com/signin?token=802676,1
https://amazon.com/products,0
http://microsoft-support-jj4al.top/webscr?cmd=login,1
https://app.wikipedia.org/help/faq,0
https://docs.salesforce.com/products,0
https://apple.com/docs/getting-started,0
https://spotify.com/about,0
http://instagram-support-3awtv7.info/webscr?cmd=login,1
https://apple.com/help/faq,0
http://ktvg.xyz/instagram/confirm-password,1
https://app.salesforce.com/search?q=python,0
https://www.khanacademy.org/user/settings,0
https://docs.figma.com/search?q=python,0
http://secure-chase-ljlngbz.com/signin?token=496230,1
https://docs.apple.com/pricing,0
http://amazon-support-44ko0jl6.cf/webscr?cmd=login,1
http://secure-netflix-52fys3jk.com/signin?token=672697,1
https://paypal.account-verify-qahtuq.gq/,1
https://www.notion.so/docs/getting-started,0
https://app.spotify.com/about,0
https://netflix.com/help/faq,0
https://paypal.account-verify-g6ydd.cf/,1
https://app.reddit.com/search?q=python,0
http://facebooklogin.cf-secure.net/index.html,1
http://chase.1zblqf.ml/account/update,1
http://bankofamericalogin.xyz-secure.com/index.html,1
https://dropbox.com/pricing,0
https://www.nytimes.com/pricing,0
https://app.salesforce.com/products,0
http://199.195.34.129/verify/apple/login.php,1
http://microsoft-secure-login.ga/verify,1
https://docs.bbc.com/,0
https://docs.spotify.com/products,0
http://128.215.9.70/verify/amazon/login.php,1
https://app.notion.so/products,0
https://app.bbc.com/blog/2026/07/update,0
http://17.136.133.71/verify/paypal/login.php,1
http://chaselogin.gq-secure.net/index.html,1
https://www.github.com/about,0
http://paypallogin.top-secure.com/index.html,1
http://vvmiuopp.info/instagram/confirm-password,1
http://41.112.60.26/verify/google/login.php,1
https://www.bbc.com/contact,0
http://amazon-support-rw1vm.info/webscr?cmd=login,1
http://instagram-secure-login.top/verify,1
http://paypal-secure-login.top/verify,1
https://docs.reddit.com/search?q=python,0
https://www.salesforce.com/help/faq,0
http://secure-bankofamerica-bcdpq9.com/signin?token=404376,1
https://docs.figma.com/docs/getting-started,0
https://docs.netflix.com/user/settings,0
http://1l2ruqn.ga/wellsfargo/confirm-password,1
http://secure-paypal-ypw47lto.com/signin?token=918544,1
http://instagram.s9voqbae.ml/account/update,1
https://coursera.org/docs/getting-started,0
http://apple-support-cwl3.ml/webscr?cmd=login,1
https://docs.amazon.com/docs/getting-started,0
http://ma8mm.gq/instagram/confirm-password,1
https://app.khanacademy.org/help/faq,0
http://593gv7.ga/bankofamerica/confirm-password,1
https://docs.nytimes.com/blog/2026/07/update,0
https://www.coursera.org/about,0
http://facebook-secure-login.tk/verify,1
https://microsoft.account-verify-0es2ru.xyz/,1
http://microsoftlogin.cf-secure.com/index.html,1
http://microsoft-secure-login.top/verify,1
http://chase.vbp4.ml/account/update,1
http://pvdv7pe.cf/netflix/confirm-password,1
http://instagram-support-cymtygw5.cf/webscr?cmd=login,1
https://app.stackoverflow.com/help/faq,0
http://netflix-support-3fq1j8n.top/webscr?cmd=login,1
https://facebook.account-verify-pspkvku.cf/,1
https://docs.google.com/blog/2026/07/update,0
http://chase.9fjc.tk/account/update,1
https://docs.apple.com/search?q=python,0
http://amazonlogin.ml-secure.com/index.html,1
https://reddit.com/search?q=python,0
http://instagram-secure-login.xyz/verify,1
https://www.netflix.com/user/settings,0
https://www.reddit.com/docs/getting-started,0
http://microsoft.tinif.ga/account/update,1
https://docs.amazon.com/docs/getting-started,0
https://apple.com/blog/2026/07/update,0
http://83.89.153.168/verify/microsoft/login.php,1
https://www.amazon.com/blog/2026/07/update,0
https://nytimes.com/,0
http://yfeo6.top/microsoft/confirm-password,1
https://khanacademy.org/,0
http://lafi.xyz/microsoft/confirm-password,1
https://docs.netflix.com/blog/2026/07/update,0
http://paypallogin.ml-secure.com/index.html,1
http://amazon.lhlqs3e3.ga/account/update,1
http://facebook-support-2uin.tk/webscr?cmd=login,1
https://amazon.account-verify-ouusrz.ml/,1
http://460kp.info/chase/confirm-password,1
http://wellsfargo.o4dc1.tk/account/update,1
https://www.python.org/pricing,0
http://secure-google-2kiw1aw.com/signin?token=927496,1
https://apple.com/help/faq,0
https://app.reddit.com/search?q=python,0
https://docs.linkedin.com/help/faq,0
http://netflix-secure-login.xyz/verify,1
http://214.241.34.46/verify/google/login.php,1
https://docs.linkedin.com/search?q=python,0
https://www.apple.com/,0
https://docs.github.com/blog/2026/07/update,0
http://d89v.tk/paypal/confirm-password,1
https://notion.so/about,0
https://coursera.org/search?q=python,0
http://chase-support-8rls.xyz/webscr?cmd=login,1
https://docs.dropbox.com/products,0
https://salesforce.com/user/settings,0
https://www.github.com/about,0
http://applelogin.cf-secure.net/index.html,1
http://irs-secure-login.xyz/verify,1
http://176.47.18.120/verify/irs/login.php,1
http://wellsfargologin.xyz-secure.com/index.html,1
https://docs.bbc.com/about,0
https://docs.python.org/help/faq,0
https://app.netflix.com/search?q=python,0
https://instagram.account-verify-k9twn5q.xyz/,1
https://app.microsoft.com/docs/getting-started,0
https://www.github.com/,0
http://78bkuxc.ml/paypal/confirm-password,1
https://docs.spotify.com/help/faq,0
https://docs.linkedin.com/products,0
https://app.github.com/blog/2026/07/update,0
https://netflix.com/contact,0
http://google-secure-login.ml/verify,1
https://www.linkedin.com/,0
https://app.bbc.com/about,0
http://tvgxq6ar.cf/google/confirm-password,1
http://secure-bankofamerica-zi8dvv.com/signin?token=56651,1
https://dropbox.com/about,0
https://docs.wikipedia.org/search?q=python,0
https://docs.stackoverflow.com/contact,0
http://netflixlogin.cf-secure.com/index.html,1
https://www.figma.com/help/faq,0
https://app.netflix.com/contact,0
http://paypal.fv3cg7tb.gq/account/update,1
http://netflix-secure-login.info/verify,1
https://instagram.account-verify-qhsfh.top/,1
https://nytimes.com/docs/getting-started,0
https://docs.bbc.com/about,0
http://wellsfargo-support-1vxvupxz.info/webscr?cmd=login,1
http://facebook-secure-login.info/verify,1
http://secure-apple-dhzq7h.com/signin?token=934447,1
https://docs.python.org/products,0
https://irs.account-verify-4txjtv.gq/,1
https://netflix.account-verify-t5lidq.ml/,1
https://notion.so/help/faq,0
http://chaselogin.ml-secure.com/index.html,1
http://paypallogin.xyz-secure.com/index.html,1
https://www.wikipedia.org/about,0
http://googlelogin.top-secure.net/index.html,1
http://212.199.175.19/verify/chase/login.php,1
https://stackoverflow.com/help/faq,0
https://app.microsoft.com/,0
http://78.234.28.190/verify/irs/login.php,1
https://www.amazon.com/pricing,0
https://apple.account-verify-da67rt3.cf/,1
https://wikipedia.org/products,0
https://app.microsoft.com/search?q=python,0
https://www.apple.com/user/settings,0
http://n6c3be.info/chase/confirm-password,1
http://facebook-secure-login.tk/verify,1
http://secure-irs-u7mx.com/signin?token=477378,1
https://app.dropbox.com/about,0
https://app.coursera.org/user/settings,0
https://app.apple.com/blog/2026/07/update,0
http://facebook.lextp.ga/account/update,1
https://linkedin.com/about,0
http://chaselogin.info-secure.net/index.html,1
http://microsoft-secure-login.top/verify,1
http://secure-microsoft-u7z6rg0k.com/signin?token=257578,1
http://microsoftlogin.tk-secure.com/index.html,1
http://bankofamerica-secure-login.gq/verify,1
http://fx8v.gq/bankofamerica/confirm-password,1
http://185.241.77.1/verify/netflix/login.php,1
https://app.stackoverflow.com/help/faq,0
http://chase-secure-login.ml/verify,1
http://netflixlogin.xyz-secure.net/index.html,1
https://app.amazon.com/search?q=python,0
https://docs.coursera.org/contact,0
http://secure-wellsfargo-pjbo2q5.com/signin?token=419632,1
https://app.dropbox.com/user/settings,0
http://96.154.15.98/verify/facebook/login.php,1
https://www.amazon.com/,0
http://ovotacg6.ga/irs/confirm-password,1
https://app.coursera.org/docs/getting-started,0
https://www.coursera.org/about,0
https://docs.python.org/blog/2026/07/update,0
https://www.salesforce.com/pricing,0
http://facebooklogin.ml-secure.com/index.html,1
https://dropbox.com/products,0
http://secure-microsoft-geacc0.com/signin?token=880682,1
http://190.180.140.52/verify/google/login.php,1
https://figma.com/,0
https://docs.spotify.com/docs/getting-started,0
https://docs.salesforce.com/user/settings,0
http://netflix-secure-login.xyz/verify,1
http://108.126.141.127/verify/netflix/login.php,1
https://docs.coursera.org/user/settings,0
http://paypal-secure-login.tk/verify,1
https://apple.account-verify-90mql.gq/,1
https://app.reddit.com/search?q=python,0
https://app.coursera.org/search?q=python,0
https://www.coursera.org/search?q=python,0
http://chase-support-kuypbsb.ml/webscr?cmd=login,1
https://www.amazon.com/blog/2026/07/update,0
https://wellsfargo.account-verify-cjplai.tk/,1
https://www.notion.so/user/settings,0
http://wellsfargo-support-huvyp1nj.ml/webscr?cmd=login,1
http://w9df.info/paypal/confirm-password,1
http://secure-instagram-y24eh.com/signin?token=606912,1
https://nytimes.com/help/faq,0
https://docs.dropbox.com/products,0
https://irs.account-verify-lhj1jl.ga/,1
http://netflixlogin.ga-secure.com/index.html,1
https://google.com/pricing,0
http://microsoft-secure-login.info/verify,1
https://docs.bbc.com/,0
http://dlcadu.top/irs/confirm-password,1
https://app.apple.com/search?q=python,0
https://nytimes.com/,0
http://irs-secure-login.gq/verify,1
http://instagramlogin.xyz-secure.com/index.html,1
https://www.nytimes.com/products,0
http://microsoft-support-pbhzd.gq/webscr?cmd=login,1
https://www.khanacademy.org/products,0
http://facebooklogin.info-secure.net/index.html,1
http://chase-support-4bh74k0c.info/webscr?cmd=login,1
https://docs.stackoverflow.com/help/faq,0
http://secure-chase-yp5iynew.com/signin?token=771770,1
https://app.github.com/about,0
https://bbc.com/pricing,0
https://app.coursera.org/blog/2026/07/update,0
http://dgrrq6v.info/microsoft/confirm-password,1
http://53sfi5s.xyz/google/confirm-password,1
http://wellsfargologin.gq-secure.com/index.html,1
https://amazon.com/contact,0
http://yazqtfp.ml/instagram/confirm-password,1
https://docs.coursera.org/contact,0
http://chase-support-0e7xe5.ga/webscr?cmd=login,1
http://secure-instagram-bu90v.com/signin?token=2531,1
https://amazon.com/blog/2026/07/update,0
https://app.microsoft.com/help/faq,0
https://docs.apple.com/search?q=python,0
http://amazon-secure-login.top/verify,1
http://chase.533cfs3w.cf/account/update,1
https://www.google.com/about,0
https://salesforce.com/help/faq,0
https://www.stackoverflow.com/contact,0
http://google-support-11uoqty.xyz/webscr?cmd=login,1
https://docs.bbc.com/products,0
http://sg38q.ga/netflix/confirm-password,1
http://cbfdn.gq/microsoft/confirm-password,1
https://app.wikipedia.org/products,0
https://www.amazon.com/about,0
http://wellsfargo.bjvs2ydl.top/account/update,1
http://bankofamerica.0ve5.xyz/account/update,1
http://microsoft-secure-login.gq/verify,1
http://228.78.2.77/verify/chase/login.php,1
http://apple.7woc36v.ml/account/update,1
https://www.dropbox.com/products,0
http://147.33.26.84/verify/paypal/login.php,1
https://www.stackoverflow.com/about,0
https://docs.nytimes.com/products,0
https://www.apple.com/pricing,0
https://app.google.com/search?q=python,0
https://app.github.com/pricing,0
http://instagram.ui6y3.top/account/update,1
http://chase-support-4qbcv0qm.tk/webscr?cmd=login,1
http://secure-apple-9esgotr.com/signin?token=701077,1
https://docs.wikipedia.org/blog/2026/07/update,0
https://www.wikipedia.org/search?q=python,0
http://instagram.m9vpi.top/account/update,1
https://www.amazon.com/about,0
https://microsoft.account-verify-58wyhmn.xyz/,1
https://docs.github.com/products,0
https://app.amazon.com/blog/2026/07/update,0
https://www.khanacademy.org/docs/getting-started,0
https://docs.dropbox.com/help/faq,0
https://app.linkedin.com/pricing,0
http://irslogin.ml-secure.com/index.html,1
https://app.linkedin.com/user/settings,0
http://secure-instagram-e08a.com/signin?token=444529,1
https://docs.reddit.com/,0
https://python.org/about,0
https://apple.com/contact,0
http://secure-microsoft-gcqa0h.com/signin?token=295032,1
https://app.google.com/products,0
http://secure-chase-fzqj.com/signin?token=751663,1
https://www.netflix.com/docs/getting-started,0
http://instagram-secure-login.ga/verify,1
http://paypal-secure-login.cf/verify,1
https://bankofamerica.account-verify-wt29fn.tk/,1
https://www.coursera.org/products,0
http://apple.fe5xn.gq/account/update,1
https://www.wikipedia.org/docs/getting-started,0
https://docs.dropbox.com/about,0
http://wellsfargo.4pk8.tk/account/update,1
https://www.figma.com/contact,0
https://www.wikipedia.org/,0
https://app.reddit.com/products,0
https://app.spotify.com/user/settings,0
https://linkedin.com/pricing,0
https://docs.coursera.org/contact,0
https://microsoft.com/docs/getting-started,0
https://khanacademy.org/help/faq,0
https://app.salesforce.com/search?q=python,0
http://amazon-secure-login.xyz/verify,1
https://www.microsoft.com/help/faq,0
http://instagramlogin.xyz-secure.net/index.html,1
http://6jp5pm.top/chase/confirm-password,1
http://irs.9n2ournz.top/account/update,1
http://amazonlogin.ml-secure.com/index.html,1
https://www.github.com/user/settings,0
https://www.reddit.com/help/faq,0
https://www.microsoft.com/help/faq,0
https://app.python.org/pricing,0
https://docs.dropbox.com/products,0
http://37.223.134.225/verify/facebook/login.php,1
http://instagram.dcyu.info/account/update,1
https://docs.netflix.com/blog/2026/07/update,0
http://instagram-secure-login.gq/verify,1
http://pchpz5t.top/facebook/confirm-password,1
https://www.coursera.org/docs/getting-started,0
https://docs.amazon.com/,0
http://googlelogin.ga-secure.com/index.html,1
http://164.31.118.196/verify/netflix/login.php,1
http://instagram-support-6sck8.top/webscr?cmd=login,1
https://www.coursera.org/search?q=python,0
http://84.16.226.35/verify/irs/login.php,1
https://facebook.account-verify-gohs02.xyz/,1
https://dropbox.com/about,0
https://app.wikipedia.org/blog/2026/07/update,0
https://www.figma.com/,0
https://nytimes.com/user/settings,0
https://spotify.com/,0
http://71jqhu.ga/wellsfargo/confirm-password,1
https://docs.google.com/docs/getting-started,0
https://app.figma.com/blog/2026/07/update,0
https://docs.khanacademy.org/,0
https://www.github.com/,0
https://www.google.com/docs/getting-started,0
https://app.khanacademy.org/search?q=python,0
https://docs.google.com/docs/getting-started,0
http://bankofamerica-secure-login.ga/verify,1
https://docs.figma.com/products,0
http://paypal-support-ngu3du.top/webscr?cmd=login,1
https://apple.com/pricing,0
https://google.account-verify-fv1qw.ga/,1
https://www.salesforce.com/help/faq,0
https://coursera.org/,0
https://microsoft.account-verify-hvrs.tk/,1
https://paypal.account-verify-t9o7o.info/,1
https://www.amazon.com/help/faq,0
https://facebook.account-verify-eorizh.cf/,1
https://app.khanacademy.org/products,0
https://www.github.com/blog/2026/07/update,0
http://microsoft.b62zdht.cf/account/update,1
https://docs.github.com/search?q=python,0
https://wikipedia.org/user/settings,0
http://microsoftlogin.top-secure.com/index.html,1
https://app.spotify.com/,0
https://app.nytimes.com/about,0
https://docs.python.org/help/faq,0
http://amazon.iak7hkm.top/account/update,1
https://app.salesforce.com/about,0
http://paypal-secure-login.top/verify,1
https://docs.figma.com/search?q=python,0
https://docs.apple.com/products,0
https://docs.apple.com/user/settings,0
http://223.251.151.34/verify/microsoft/login.php,1
https://bbc.com/search?q=python,0
https://docs.amazon.com/search?q=python,0
https://www.google.com/,0
https://microsoft.com/user/settings,0
https://app.amazon.com/contact,0
https://github.com/products,0
https://amazon.account-verify-k9e4a3qt.info/,1
http://facebook-secure-login.ml/verify,1
https://wellsfargo.account-verify-74ne.info/,1
http://edazs.xyz/irs/confirm-password,1
https://app.khanacademy.org/about,0
https://stackoverflow.com/help/faq,0
https://www.nytimes.com/pricing,0
http://hmt6.ga/apple/confirm-password,1
https://app.dropbox.com/help/faq,0
https://docs.spotify.com/docs/getting-started,0
https://app.salesforce.com/blog/2026/07/update,0
https://stackoverflow.com/user/settings,0
https://coursera.org/user/settings,0
https://www.amazon.com/user/settings,0
http://secure-apple-v60i4n87.com/signin?token=611939,1
https://www.linkedin.com/user/settings,0
http://129.103.77.198/verify/apple/login.php,1
https://docs.khanacademy.org/help/faq,0
http://paypal-support-yrxg.info/webscr?cmd=login,1
http://facebook.o2mr4y.info/account/update,1
https://docs.apple.com/about,0
http://netflix-support-9hkoc8.cf/webscr?cmd=login,1
http://iup8.xyz/microsoft/confirm-password,1
http://secure-apple-0lj4ea.com/signin?token=327988,1
https://docs.microsoft.com/,0
https://wikipedia.org/pricing,0
http://irs-support-eklv3j.cf/webscr?cmd=login,1
http://microsoftlogin.tk-secure.com/index.html,1
https://notion.so/,0
http://206.127.128.12/verify/google/login.php,1
http://26.217.21.105/verify/netflix/login.php,1
https://docs.khanacademy.org/search?q=python,0
https://www.notion.so/help/faq,0
http://secure-instagram-9whv3f.com/signin?token=594692,1
https://www.notion.so/about,0
http://111.224.86.251/verify/paypal/login.php,1
http://rnig.tk/bankofamerica/confirm-password,1
http://chase-support-5okzspb.ml/webscr?cmd=login,1
http://microsoft.azsp.cf/account/update,1
https://python.org/contact,0
https://amazon.com/products,0
https://docs.linkedin.com/about,0
https://bankofamerica.account-verify-8b2tuo.info/,1
http://143.143.134.230/verify/netflix/login.php,1
https://coursera.org/user/settings,0
http://irs-support-3doqn6.cf/webscr?cmd=login,1
http://microsoft-secure-login.top/verify,1
http://amazon.maiaicnd.top/account/update,1
https://microsoft.com/about,0
https://app.figma.com/contact,0
https://docs.python.org/about,0
https://www.apple.com/search?q=python,0
http://apple-support-n3d6.top/webscr?cmd=login,1
https://app.reddit.com/pricing,0
http://facebooklogin.info-secure.com/index.html,1
http://chase.t1di.cf/account/update,1
http://google.sooz74vb.gq/account/update,1
https://python.org/docs/getting-started,0
http://74.188.174.152/verify/paypal/login.php,1
https://python.org/,0
http://paypallogin.tk-secure.com/index.html,1
https://app.stackoverflow.com/pricing,0
https://amazon.com/pricing,0
http://bankofamerica-secure-login.cf/verify,1
http://amazon-secure-login.info/verify,1
https://www.wikipedia.org/docs/getting-started,0
http://googlelogin.info-secure.com/index.html,1
http://us3g.top/microsoft/confirm-password,1
https://www.apple.com/search?q=python,0
https://app.spotify.com/search?q=python,0
http://netflix.bfyj.ml/account/update,1
http://instagram-support-5uq0glq.info/webscr?cmd=login,1
https://amazon.account-verify-l67qiuw.info/,1
http://google-support-1hy2.xyz/webscr?cmd=login,1
http://s1txzq.tk/instagram/confirm-password,1
http://secure-microsoft-lxjfz.com/signin?token=17144,1
http://fcjl17.xyz/amazon/confirm-password,1
http://30.227.162.247/verify/microsoft/login.php,1
https://www.netflix.com/help/faq,0
http://facebook-support-m7mfji.cf/webscr?cmd=login,1
https://docs.wikipedia.org/pricing,0
http://wellsfargo-secure-login.ga/verify,1
https://google.com/docs/getting-started,0
https://bankofamerica.account-verify-kaonf.gq/,1
http://secure-irs-cofw7.com/signin?token=630632,1
http://paypal.qlpo3.info/account/update,1
https://www.google.com/about,0
http://34.237.192.221/verify/apple/login.php,1
http://wellsfargo-support-cmft8lud.gq/webscr?cmd=login,1
https://netflix.account-verify-odbjw.top/,1
https://app.salesforce.com/blog/2026/07/update,0
https://wellsfargo.account-verify-zzgke.ml/,1
http://176.204.126.71/verify/instagram/login.php,1
https://www.coursera.org/contact,0
https://app.apple.com/products,0
https://microsoft.com/docs/getting-started,0
https://www.netflix.com/blog/2026/07/update,0
http://irslogin.top-secure.com/index.html,1
https://www.microsoft.com/user/settings,0
http://4tgjjr83.ml/microsoft/confirm-password,1
https://www.stackoverflow.com/products,0
http://secure-facebook-oov7xgo6.com/signin?token=112369,1
https://stackoverflow.com/search?q=python,0
http://64.16.32.5/verify/apple/login.php,1
http://189.14.237.222/verify/wellsfargo/login.php,1
https://app.python.org/pricing,0
http://secure-facebook-g6z9n.com/signin?token=746191,1
http://bankofamericalogin.xyz-secure.com/index.html,1
http://netflixlogin.gq-secure.com/index.html,1
http://secure-wellsfargo-45kle1tg.com/signin?token=971242,1
https://app.linkedin.com/contact,0
http://secure-instagram-osczvk42.com/signin?token=377178,1
https://paypal.account-verify-0z21zq.xyz/,1
http://instagram-support-n0t5.xyz/webscr?cmd=login,1
http://ikmoc0a.top/apple/confirm-password,1
https://app.apple.com/user/settings,0
https://app.wikipedia.org/blog/2026/07/update,0
https://amazon.com/products,0
http://wellsfargo.firhwf.top/account/update,1
https://docs.wikipedia.org/user/settings,0
https://docs.spotify.com/search?q=python,0
https://www.bbc.com/search?q=python,0
https://www.stackoverflow.com/pricing,0
https://app.stackoverflow.com/blog/2026/07/update,0
http://apple-support-4ek6.info/webscr?cmd=login,1
http://microsoft.la92uhci.ml/account/update,1
https://www.spotify.com/about,0
http://secure-paypal-ee3585y.com/signin?token=569303,1
https://docs.spotify.com/docs/getting-started,0
https://app.netflix.com/search?q=python,0
http://j3j7s9k.ml/netflix/confirm-password,1
https://docs.google.com/contact,0
http://9ubu5sq.info/paypal/confirm-password,1
http://microsoft.avlpcqu.cf/account/update,1
http://chaselogin.info-secure.net/index.html,1
http://j2vh4c.gq/instagram/confirm-password,1
https://www.coursera.org/search?q=python,0
http://applelogin.ga-secure.net/index.html,1
http://facebook-secure-login.xyz/verify,1
https://app.netflix.com/search?q=python,0
https://www.amazon.com/,0
https://docs.salesforce.com/help/faq,0
https://www.google.com/user/settings,0
http://paypal-secure-login.ml/verify,1
https://app.github.com/user/settings,0
http://amazon.hkx0vjp4.ga/account/update,1
https://docs.bbc.com/,0
http://microsoft.tegb41.cf/account/update,1
https://app.figma.com/about,0
https://stackoverflow.com/docs/getting-started,0
http://secure-amazon-paylyct.com/signin?token=192551,1
http://249.20.80.17/verify/google/login.php,1
http://facebook-support-csjbgn.tk/webscr?cmd=login,1
http://apple-secure-login.ga/verify,1
http://irs-secure-login.ga/verify,1
https://www.dropbox.com/,0
http://googlelogin.ml-secure.net/index.html,1
https://amazon.com/products,0
http://netflixlogin.xyz-secure.net/index.html,1
http://9588588.cf/apple/confirm-password,1
http://applelogin.tk-secure.net/index.html,1
https://microsoft.account-verify-e9w6aww8.gq/,1
http://chase-support-y2pcm.tk/webscr?cmd=login,1
https://microsoft.account-verify-g1iq4o.info/,1
http://10.132.122.130/verify/microsoft/login.php,1
https://app.dropbox.com/user/settings,0
http://irs.8085zta.xyz/account/update,1
http://amazon-support-jfmh0.top/webscr?cmd=login,1
http://60.115.95.123/verify/chase/login.php,1
https://app.amazon.com/search?q=python,0
http://bankofamerica-secure-login.top/verify,1
http://3bjkw10.gq/netflix/confirm-password,1
http://wellsfargologin.cf-secure.net/index.html,1
https://netflix.com/search?q=python,0
https://reddit.com/search?q=python,0
http://secure-microsoft-k6bgs.com/signin?token=267082,1
http://secure-facebook-56nhw.com/signin?token=611577,1
http://apple.46ek.ga/account/update,1
http://instagram-support-r68jhw2.tk/webscr?cmd=login,1
https://app.netflix.com/pricing,0
https://app.spotify.com/blog/2026/07/update,0
https://python.org/blog/2026/07/update,0
http://chase.g7iagyy.cf/account/update,1
https://www.reddit.com/,0
https://app.dropbox.com/contact,0
http://secure-wellsfargo-y1n6o0.com/signin?token=119327,1
https://docs.bbc.com/,0
http://apple-secure-login.xyz/verify,1
https://www.github.com/search?q=python,0
http://wellsfargologin.ga-secure.net/index.html,1
https://app.coursera.org/about,0
http://amazon-secure-login.top/verify,1
https://www.figma.com/help/faq,0
https://docs.figma.com/user/settings,0
https://app.wikipedia.org/docs/getting-started,0
http://11.206.245.150/verify/google/login.php,1
http://secure-google-484ma.com/signin?token=300096,1
https://app.wikipedia.org/,0
http://netflix-support-oobu.info/webscr?cmd=login,1
http://facebook-secure-login.top/verify,1
https://apple.com/help/faq,0
https://www.stackoverflow.com/docs/getting-started,0
https://facebook.account-verify-lg1anl.cf/,1
http://wellsfargo-support-4evi4mjm.gq/webscr?cmd=login,1
http://paypal-support-ghnm.ml/webscr?cmd=login,1
http://secure-microsoft-crmj1bm.com/signin?token=96352,1
http://irs.zykdx1.info/account/update,1
https://chase.account-verify-9namsq.tk/,1
https://spotify.com/help/faq,0
https://nytimes.com/search?q=python,0
https://www.python.org/contact,0
http://wellsfargologin.info-secure.com/index.html,1
http://paypallogin.top-secure.com/index.html,1
https://docs.reddit.com/contact,0
http://114.193.68.34/verify/google/login.php,1
https://docs.amazon.com/,0
https://docs.dropbox.com/help/faq,0
https://stackoverflow.com/search?q=python,0
https://facebook.account-verify-7ax9.gq/,1
https://github.com/user/settings,0
https://app.netflix.com/about,0
http://secure-irs-6jep2rvv.com/signin?token=439586,1
https://figma.com/products,0
https://docs.reddit.com/user/settings,0
https://app.apple.com/docs/getting-started,0
http://google-secure-login.gq/verify,1
https://www.microsoft.com/blog/2026/07/update,0
https://www.khanacademy.org/help/faq,0
http://136.59.11.57/verify/bankofamerica/login.php,1
http://googlelogin.xyz-secure.net/index.html,1
http://secure-chase-6mh9b.com/signin?token=60782,1
https://reddit.com/blog/2026/07/update,0
https://nytimes.com/,0
https://reddit.com/blog/2026/07/update,0
http://microsoft.hf2b8.xyz/account/update,1
http://u5lymq5.ml/netflix/confirm-password,1
https://www.spotify.com/about,0
https://www.coursera.org/search?q=python,0
https://microsoft.com/pricing,0
http://6cev1.xyz/netflix/confirm-password,1
http://wuo4m.tk/paypal/confirm-password,1
https://www.python.org/help/faq,0
https://app.bbc.com/contact,0
https://app.coursera.org/user/settings,0
http://amazonlogin.cf-secure.com/index.html,1
http://secure-microsoft-a5mhea.com/signin?token=161455,1
https://app.linkedin.com/pricing,0
http://tiacyl.tk/netflix/confirm-password,1
https://app.nytimes.com/search?q=python,0
http://secure-chase-2hxw.com/signin?token=204052,1
https://www.netflix.com/pricing,0
https://www.salesforce.com/pricing,0
https://linkedin.com/user/settings,0
http://instagram-support-gujbf3.ml/webscr?cmd=login,1
http://amazonlogin.tk-secure.net/index.html,1
https://docs.google.com/about,0
http://netflix-support-ah9wec0.cf/webscr?cmd=login,1
http://apple-secure-login.cf/verify,1
http://facebook-secure-login.cf/verify,1
http://paypallogin.info-secure.com/index.html,1
https://www.salesforce.com/contact,0
https://www.coursera.org/search?q=python,0
https://www.bbc.com/products,0
https://www.salesforce.com/contact,0
https://apple.com/contact,0
http://paypal-secure-login.ga/verify,1
http://applelogin.tk-secure.net/index.html,1
https://docs.coursera.org/pricing,0
http://microsoft-support-hmw53a.cf/webscr?cmd=login,1
http://wellsfargologin.ga-secure.net/index.html,1
http://153.248.179.242/verify/google/login.php,1
https://app.notion.so/pricing,0
http://u5u8mm.info/facebook/confirm-password,1
http://136.231.61.141/verify/amazon/login.php,1
http://amazon.ytop.gq/account/update,1
http://14.90.120.233/verify/wellsfargo/login.php,1
http://175.71.217.87/verify/apple/login.php,1
http://google-support-mqvmu.xyz/webscr?cmd=login,1
https://docs.microsoft.com/contact,0
https://app.google.com/pricing,0
https://docs.wikipedia.org/pricing,0
http://apple-secure-login.cf/verify,1
https://www.dropbox.com/about,0
https://chase.account-verify-lgtwl1.info/,1
https://app.stackoverflow.com/search?q=python,0
http://163.43.21.76/verify/apple/login.php,1
http://chase-secure-login.info/verify,1
http://bankofamericalogin.xyz-secure.net/index.html,1
https://app.notion.so/pricing,0
https://www.amazon.com/contact,0
https://app.nytimes.com/docs/getting-started,0
https://salesforce.com/user/settings,0
http://59sc5z5.ml/paypal/confirm-password,1
http://rxndf.cf/bankofamerica/confirm-password,1
http://netflix.zjetocs.gq/account/update,1
https://chase.account-verify-8c2rfk.cf/,1
http://secure-apple-fi0ey.com/signin?token=988336,1
https://docs.figma.com/about,0
https://coursera.org/contact,0
http://paypallogin.cf-secure.net/index.html,1
http://xq7k.info/google/confirm-password,1
https://www.reddit.com/pricing,0
https://docs.salesforce.com/blog/2026/07/update,0
https://google.com/,0
http://secure-amazon-r1ljak.com/signin?token=70120,1
https://figma.com/docs/getting-started,0
https://www.python.org/user/settings,0
http://microsoft-support-g82t0dm.top/webscr?cmd=login,1
http://228.214.16.192/verify/wellsfargo/login.php,1
http://secure-wellsfargo-lmi1.com/signin?token=72978,1
https://www.spotify.com/blog/2026/07/update,0
http://uf753.ml/google/confirm-password,1
http://rdmhj.cf/google/confirm-password,1
http://xy5te0c.top/wellsfargo/confirm-password,1
https://docs.python.org/,0
https://netflix.account-verify-a7iw.ga/,1
https://paypal.account-verify-zsn7w.info/,1
https://bbc.com/help/faq,0
http://google-support-eux2n.gq/webscr?cmd=login,1
http://96.156.162.216/verify/amazon/login.php,1
https://chase.account-verify-aiuz.top/,1
https://app.spotify.com/help/faq,0
http://microsoftlogin.ga-secure.com/index.html,1
http://irs-support-3qr5dh5m.ga/webscr?cmd=login,1
http://instagramlogin.info-secure.com/index.html,1
https://app.spotify.com/help/faq,0
http://4cj0.tk/paypal/confirm-password,1
http://159.116.233.64/verify/netflix/login.php,1
http://paypal-secure-login.ga/verify,1
https://spotify.com/contact,0
https://www.wikipedia.org/user/settings,0
http://h0f6j4m.gq/apple/confirm-password,1
https://docs.coursera.org/contact,0
https://docs.nytimes.com/user/settings,0
http://secure-chase-b1tjc3.com/signin?token=431305,1
https://python.org/docs/getting-started,0
https://app.linkedin.com/,0
https://spotify.com/pricing,0
https://google.account-verify-qbwggcl.tk/,1
https://docs.spotify.com/blog/2026/07/update,0
https://docs.google.com/docs/getting-started,0
http://bankofamerica.sr52.gq/account/update,1
https://google.com/pricing,0
http://netflix-support-imf2esye.info/webscr?cmd=login,1
http://paypallogin.top-secure.net/index.html,1
https://spotify.com/user/settings,0
http://secure-apple-iugzh6.com/signin?token=344609,1
http://e6m6th.gq/instagram/confirm-password,1
https://docs.wikipedia.org/user/settings,0
http://secure-instagram-925qh91.com/signin?token=684768,1
https://apple.com/user/settings,0
https://docs.stackoverflow.com/pricing,0
http://netflix-secure-login.xyz/verify,1
https://netflix.account-verify-7l5n.info/,1
http://dfuhvnl.tk/paypal/confirm-password,1
https://docs.netflix.com/user/settings,0
https://chase.account-verify-qh26x4v.tk/,1
https://google.com/blog/2026/07/update,0
https://reddit.com/,0
https://www.netflix.com/docs/getting-started,0
http://paypallogin.ga-secure.net/index.html,1
https://app.salesforce.com/pricing,0
https://app.linkedin.com/pricing,0
https://app.google.com/docs/getting-started,0
https://docs.notion.so/products,0
http://138.49.217.100/verify/irs/login.php,1
https://facebook.account-verify-l13yl.ga/,1
http://irslogin.tk-secure.com/index.html,1
https://docs.figma.com/user/settings,0
https://www.khanacademy.org/products,0
http://ph6h7.ml/instagram/confirm-password,1
http://bankofamericalogin.top-secure.net/index.html,1
https://paypal.account-verify-ghpx0zcw.ml/,1
https://docs.salesforce.com/contact,0
https://docs.google.com/docs/getting-started,0
https://apple.account-verify-p19t.top/,1
https://docs.netflix.com/docs/getting-started,0
https://www.nytimes.com/help/faq,0
https://docs.bbc.com/pricing,0
https://docs.salesforce.com/,0
http://wellsfargo.vp8owts.gq/account/update,1
http://secure-wellsfargo-dkd2f1.com/signin?token=447901,1
http://34.217.44.99/verify/facebook/login.php,1
https://www.python.org/blog/2026/07/update,0
http://secure-paypal-fhg5m8.com/signin?token=578168,1
https://app.stackoverflow.com/pricing,0
https://app.spotify.com/pricing,0
https://bbc.com/help/faq,0
http://google-secure-login.info/verify,1
http://netflixlogin.ga-secure.com/index.html,1
https://www.khanacademy.org/docs/getting-started,0
https://docs.khanacademy.org/pricing,0
https://www.google.com/pricing,0
https://app.apple.com/about,0
https://www.coursera.org/blog/2026/07/update,0
https://app.dropbox.com/products,0
http://irs-support-gg8dcmt.cf/webscr?cmd=login,1
https://app.coursera.org/pricing,0
https://www.nytimes.com/pricing,0
https://www.amazon.com/docs/getting-started,0
https://app.amazon.com/search?q=python,0
https://apple.com/user/settings,0
http://paypallogin.tk-secure.com/index.html,1
https://wikipedia.org/about,0
https://google.account-verify-s9a9x.ml/,1
https://docs.dropbox.com/pricing,0
http://49.218.210.37/verify/paypal/login.php,1
https://chase.account-verify-5b5g.top/,1
http://instagram-secure-login.ml/verify,1
https://docs.wikipedia.org/about,0
http://amazon-secure-login.top/verify,1
https://app.netflix.com/products,0
https://microsoft.account-verify-x994q.top/,1
http://secure-facebook-f0h68c7.com/signin?token=109858,1
https://docs.wikipedia.org/contact,0
https://wikipedia.org/blog/2026/07/update,0
https://spotify.com/search?q=python,0
https://docs.dropbox.com/docs/getting-started,0
http://paypallogin.ml-secure.net/index.html,1
https://wikipedia.org/pricing,0
https://www.coursera.org/about,0
http://paypal-support-txs3vj.tk/webscr?cmd=login,1
https://www.dropbox.com/help/faq,0
https://www.dropbox.com/products,0
https://app.apple.com/user/settings,0
http://126.105.137.44/verify/irs/login.php,1
http://paypal.jlif0hd2.xyz/account/update,1
https://www.microsoft.com/blog/2026/07/update,0
https://spotify.com/docs/getting-started,0
http://secure-google-69t7.com/signin?token=358259,1
https://apple.account-verify-5pwixwnp.tk/,1
http://wellsfargo.xem3ffzl.gq/account/update,1
https://app.microsoft.com/blog/2026/07/update,0
https://docs.microsoft.com/about,0
https://app.python.org/blog/2026/07/update,0
http://bankofamerica-secure-login.ml/verify,1
http://paypal-secure-login.ga/verify,1
http://microsoft-support-c195.cf/webscr?cmd=login,1
https://instagram.account-verify-da1kl.xyz/,1
https://www.google.com/docs/getting-started,0
https://docs.bbc.com/blog/2026/07/update,0
http://secure-chase-iag0uwu.com/signin?token=769034,1
http://secure-amazon-3mh1bt.com/signin?token=238721,1
http://apple-support-xwfel3q4.ml/webscr?cmd=login,1
http://amazon-secure-login.xyz/verify,1
https://www.coursera.org/blog/2026/07/update,0
http://facebooklogin.tk-secure.net/index.html,1
https://google.com/contact,0
https://app.netflix.com/contact,0
http://instagramlogin.ga-secure.com/index.html,1
http://googlelogin.ga-secure.com/index.html,1
http://secure-microsoft-8k4z.com/signin?token=544876,1
http://apple-secure-login.cf/verify,1
https://www.coursera.org/products,0
http://bankofamericalogin.cf-secure.net/index.html,1
http://secure-wellsfargo-cydx14.com/signin?token=224787,1
http://wellsfargo-secure-login.gq/verify,1
http://apple-secure-login.ga/verify,1
https://docs.linkedin.com/about,0
https://docs.notion.so/contact,0
https://www.khanacademy.org/about,0
https://nytimes.com/contact,0
http://instagram-secure-login.cf/verify,1
http://apple-secure-login.info/verify,1
https://www.github.com/products,0
https://app.dropbox.com/products,0
https://www.khanacademy.org/pricing,0
http://googlelogin.top-secure.com/index.html,1
http://ysg9qm.cf/instagram/confirm-password,1
https://www.reddit.com/user/settings,0
http://apple-support-kofc.tk/webscr?cmd=login,1
https://amazon.account-verify-0yu2k.info/,1
https://www.salesforce.com/contact,0
https://app.google.com/,0
https://www.microsoft.com/help/faq,0
https://app.microsoft.com/blog/2026/07/update,0
https://docs.amazon.com/search?q=python,0
https://microsoft.com/blog/2026/07/update,0
https://instagram.account-verify-233nne0.ga/,1
https://app.wikipedia.org/contact,0
https://app.wikipedia.org/help/faq,0
https://app.linkedin.com/pricing,0
http://paypal-secure-login.cf/verify,1
http://microsoftlogin.info-secure.net/index.html,1
https://app.notion.so/user/settings,0
https://www.dropbox.com/blog/2026/07/update,0
https://docs.python.org/contact,0
https://app.wikipedia.org/docs/getting-started,0
https://bbc.com/,0
https://docs.wikipedia.org/contact,0
http://secure-chase-avqm6.com/signin?token=853319,1
http://amazon-secure-login.gq/verify,1
http://secure-amazon-kbqg.com/signin?token=891890,1
http://secure-apple-84dv8sey.com/signin?token=548520,1
https://spotify.com/products,0
https://spotify.com/blog/2026/07/update,0
http://g5519jn.top/paypal/confirm-password,1
https://www.wikipedia.org/help/faq,0
http://amazon-support-govl8wwp.ml/webscr?cmd=login,1
https://docs.nytimes.com/,0
http://40f3t.ml/bankofamerica/confirm-password,1
http://instagram.4kdm7vp.ml/account/update,1
http://apple.6uvq2.gq/account/update,1
https://www.microsoft.com/search?q=python,0
http://wellsfargo.5pz7jax.info/account/update,1
http://microsoft-support-7pvj07.xyz/webscr?cmd=login,1
http://google-secure-login.info/verify,1
https://amazon.com/about,0
http://24.135.123.159/verify/amazon/login.php,1
http://bankofamerica.pxxk71e.cf/account/update,1
http://facebooklogin.ml-secure.com/index.html,1
https://spotify.com/products,0
https://www.linkedin.com/blog/2026/07/update,0
https://www.figma.com/blog/2026/07/update,0
https://docs.reddit.com/help/faq,0
https://docs.stackoverflow.com/products,0
http://microsoftlogin.gq-secure.net/index.html,1
http://wellsfargologin.gq-secure.net/index.html,1
http://apple.xcbmm.gq/account/update,1
http://facebook-support-n89shpy9.tk/webscr?cmd=login,1
http://instagramlogin.ml-secure.com/index.html,1
http://apple.f7fp4e8t.gq/account/update,1
http://apple-secure-login.cf/verify,1
https://docs.stackoverflow.com/,0
http://secure-chase-0ze30lm.com/signin?token=936896,1
https://docs.google.com/,0
http://irs-secure-login.gq/verify,1
https://app.bbc.com/,0
https://docs.spotify.com/,0
https://amazon.account-verify-pfvyyp5.xyz/,1
http://secure-chase-fuo2cp9j.com/signin?token=700946,1
https://docs.spotify.com/about,0
http://wellsfargo-secure-login.top/verify,1
http://secure-chase-xhdgx.com/signin?token=474467,1
https://docs.figma.com/user/settings,0
http://bankofamericalogin.cf-secure.net/index.html,1
http://wellsfargo-support-0mrd15g4.info/webscr?cmd=login,1
http://wellsfargo-support-aznt6.gq/webscr?cmd=login,1
http://52.203.179.159/verify/microsoft/login.php,1
https://www.reddit.com/contact,0
https://docs.microsoft.com/about,0
http://google-support-3j76.xyz/webscr?cmd=login,1
http://bankofamerica.ful8v4.top/account/update,1
https://www.wikipedia.org/contact,0
https://app.notion.so/contact,0
http://secure-amazon-erg9.com/signin?token=562221,1
https://facebook.account-verify-9of3.cf/,1
https://www.microsoft.com/contact,0
http://secure-irs-zdylvn.com/signin?token=390641,1
http://169.75.172.66/verify/paypal/login.php,1
http://microsoft-secure-login.gq/verify,1
https://app.reddit.com/help/faq,0
https://www.github.com/search?q=python,0
http://secure-microsoft-p1m4g6.com/signin?token=641785,1
http://wellsfargo-secure-login.top/verify,1
https://app.reddit.com/blog/2026/07/update,0
https://www.salesforce.com/help/faq,0
http://secure-google-196j3.com/signin?token=762481,1
http://o8cc.cf/amazon/confirm-password,1
http://paypal-support-tx8k1apt.ml/webscr?cmd=login,1
https://www.github.com/blog/2026/07/update,0
https://docs.spotify.com/user/settings,0
https://docs.dropbox.com/user/settings,0
https://netflix.account-verify-op0l.ga/,1
http://amazon-support-ncjuuzo.ml/webscr?cmd=login,1
http://x7454r.info/wellsfargo/confirm-password,1
https://paypal.account-verify-b435.gq/,1
https://github.com/search?q=python,0
http://secure-microsoft-ugcamb3.com/signin?token=876876,1
http://bankofamerica.vi3dvc.cf/account/update,1
http://103.173.192.211/verify/instagram/login.php,1
https://notion.so/pricing,0
http://netflix-secure-login.tk/verify,1
https://app.khanacademy.org/search?q=python,0
https://app.python.org/search?q=python,0
https://nytimes.com/contact,0
https://app.notion.so/,0
http://chaselogin.gq-secure.net/index.html,1
https://www.github.com/user/settings,0
http://174.81.247.136/verify/chase/login.php,1
http://wellsfargo-secure-login.tk/verify,1
https://www.bbc.com/,0
https://www.amazon.com/pricing,0
https://figma.com/blog/2026/07/update,0
http://microsoft.2b2ep7.ga/account/update,1
https://google.account-verify-klxlim5.top/,1
http://instagram-support-75oem32h.info/webscr?cmd=login,1
http://244.100.119.94/verify/chase/login.php,1
http://instagram-secure-login.cf/verify,1
http://secure-apple-tlkvz36.com/signin?token=730896,1
http://159.40.187.131/verify/paypal/login.php,1
https://docs.khanacademy.org/docs/getting-started,0
http://secure-netflix-8jj4tv.com/signin?token=306202,1
http://iyoz9ex.gq/chase/confirm-password,1
https://www.salesforce.com/contact,0
http://paypal.mgc6.info/account/update,1
http://secure-amazon-tu16btr3.com/signin?token=213511,1
https://linkedin.com/blog/2026/07/update,0
https://stackoverflow.com/products,0
https://reddit.com/contact,0
http://5mzcw.xyz/microsoft/confirm-password,1
http://wellsfargo.bx1lx3.info/account/update,1
https://apple.account-verify-clzoxv.xyz/,1
https://www.reddit.com/help/faq,0
https://www.netflix.com/about,0
http://paypal-support-03l2w36s.xyz/webscr?cmd=login,1
http://wellsfargo.0yap0g.info/account/update,1
https://app.bbc.com/search?q=python,0
https://www.salesforce.com/user/settings,0
http://netflix-support-nwjt27.info/webscr?cmd=login,1
http://72.103.29.237/verify/chase/login.php,1
http://bankofamericalogin.info-secure.net/index.html,1
http://5uh0q.ga/paypal/confirm-password,1
https://python.org/contact,0
https://app.bbc.com/help/faq,0
http://secure-paypal-cskj3ffo.com/signin?token=928362,1
http://irs-support-0du1qka.top/webscr?cmd=login,1
https://docs.coursera.org/,0
https://docs.amazon.com/products,0
http://ge62h6.tk/google/confirm-password,1
https://facebook.account-verify-utt1w.info/,1
http://ia4a.info/microsoft/confirm-password,1
http://13.238.243.113/verify/wellsfargo/login.php,1
https://nytimes.com/user/settings,0
http://microsoftlogin.cf-secure.com/index.html,1
http://wellsfargo.dsk8x.ml/account/update,1
https://docs.github.com/blog/2026/07/update,0
https://wellsfargo.account-verify-fitp6xi.tk/,1
https://app.microsoft.com/blog/2026/07/update,0
https://coursera.org/blog/2026/07/update,0
https://app.coursera.org/docs/getting-started,0
http://netflixlogin.ga-secure.com/index.html,1
http://secure-instagram-gr5xqe.com/signin?token=828175,1
http://amazon.tffosa.tk/account/update,1
https://www.google.com/,0
http://netflix-secure-login.gq/verify,1
http://amazon-secure-login.xyz/verify,1
http://3.59.6.57/verify/paypal/login.php,1
https://docs.nytimes.com/user/settings,0
https://figma.com/,0
https://app.google.com/user/settings,0
https://docs.khanacademy.org/help/faq,0
https://khanacademy.org/,0
http://amazonlogin.gq-secure.com/index.html,1
https://coursera.org/,0
https://coursera.org/search?q=python,0
https://app.wikipedia.org/pricing,0
http://2.254.37.115/verify/netflix/login.php,1
https://paypal.account-verify-9oqt8.top/,1
https://docs.microsoft.com/pricing,0
http://instagramlogin.tk-secure.net/index.html,1
https://netflix.com/contact,0
https://app.github.com/user/settings,0
http://amazon-secure-login.ml/verify,1
https://salesforce.com/pricing,0
http://176.155.34.92/verify/apple/login.php,1
https://app.nytimes.com/contact,0
http://facebook-support-eulcq.tk/webscr?cmd=login,1
http://3wsj58.ga/chase/confirm-password,1
http://google.zdozl.top/account/update,1
https://salesforce.com/products,0
http://google.f3me1r32.ml/account/update,1
https://wikipedia.org/user/settings,0
https://app.dropbox.com/user/settings,0
https://notion.so/products,0
https://bbc.com/blog/2026/07/update,0
http://13.163.39.188/verify/paypal/login.php,1
https://reddit.com/help/faq,0
http://instagramlogin.tk-secure.net/index.html,1
https://paypal.account-verify-fi1w.cf/,1
https://app.salesforce.com/user/settings,0
https://coursera.org/,0
http://secure-paypal-jn0kg.com/signin?token=769401,1
https://www.khanacademy.org/about,0
http://amazon-secure-login.info/verify,1
http://chase-support-0a00yr.gq/webscr?cmd=login,1
https://docs.google.com/user/settings,0
https://docs.nytimes.com/products,0
http://secure-netflix-3mwjmjnt.com/signin?token=191407,1
http://43.169.194.179/verify/amazon/login.php,1
https://khanacademy.org/blog/2026/07/update,0
https://docs.bbc.com/help/faq,0
https://www.reddit.com/,0
https://apple.account-verify-onziqy.top/,1
https://app.dropbox.com/contact,0
http://15.22.191.74/verify/netflix/login.php,1
https://app.salesforce.com/about,0
https://app.netflix.com/user/settings,0
https://netflix.com/contact,0
https://www.microsoft.com/products,0
https://app.linkedin.com/docs/getting-started,0
https://bbc.com/blog/2026/07/update,0
https://amazon.account-verify-i4n2ex7.ml/,1
https://app.amazon.com/search?q=python,0
http://v4iicp.gq/microsoft/confirm-password,1
http://netflix-support-zyf8.cf/webscr?cmd=login,1
https://www.python.org/products,0
http://89.93.98.6/verify/irs/login.php,1
http://3jqpka.tk/instagram/confirm-password,1
http://secure-wellsfargo-zi450p.com/signin?token=31369,1
https://app.wikipedia.org/about,0
http://pq7l.tk/chase/confirm-password,1
https://docs.dropbox.com/pricing,0
https://apple.account-verify-nkwa.xyz/,1
http://netflixlogin.tk-secure.net/index.html,1
http://instagramlogin.info-secure.com/index.html,1
https://www.reddit.com/blog/2026/07/update,0
http://irs-support-6fh9b.gq/webscr?cmd=login,1
http://61.45.170.172/verify/google/login.php,1
https://microsoft.account-verify-31gvb37.tk/,1
https://docs.salesforce.com/docs/getting-started,0
http://wpdav.top/google/confirm-password,1
http://190.52.205.56/verify/microsoft/login.php,1
http://amazon-support-3ofiu.cf/webscr?cmd=login,1
https://www.microsoft.com/blog/2026/07/update,0
http://230.127.113.114/verify/facebook/login.php,1
http://105.154.70.127/verify/facebook/login.php,1
http://netflixlogin.xyz-secure.net/index.html,1
https://www.linkedin.com/,0
http://wellsfargo-secure-login.ga/verify,1
http://facebook-secure-login.ml/verify,1
http://irslogin.info-secure.net/index.html,1
https://docs.google.com/docs/getting-started,0
http://microsoft-support-xcmf.gq/webscr?cmd=login,1
http://netflix-secure-login.top/verify,1
https://docs.spotify.com/contact,0
https://www.dropbox.com/,0
http://4vdh6dn7.ml/facebook/confirm-password,1
https://irs.account-verify-8pq1br2.gq/,1
https://docs.khanacademy.org/user/settings,0
http://190.179.22.96/verify/facebook/login.php,1
https://docs.bbc.com/pricing,0
http://secure-google-9kunff.com/signin?token=27885,1
https://app.reddit.com/docs/getting-started,0
https://docs.salesforce.com/blog/2026/07/update,0
http://microsoft-secure-login.tk/verify,1
https://www.spotify.com/search?q=python,0
https://app.nytimes.com/blog/2026/07/update,0
http://bl2oqew.xyz/wellsfargo/confirm-password,1
https://bbc.com/help/faq,0
http://microsoft-secure-login.ml/verify,1
https://www.python.org/about,0
http://irs.pj1tv28.top/account/update,1
https://docs.spotify.com/help/faq,0
http://irs-secure-login.top/verify,1
https://nytimes.com/,0
https://www.google.com/,0
http://182.122.94.179/verify/irs/login.php,1
https://app.google.com/docs/getting-started,0
https://app.spotify.com/blog/2026/07/update,0
http://secure-paypal-2f8uz.com/signin?token=618499,1
https://www.coursera.org/blog/2026/07/update,0
http://googlelogin.tk-secure.com/index.html,1
https://coursera.org/pricing,0
https://docs.bbc.com/search?q=python,0
https://app.figma.com/search?q=python,0
https://app.stackoverflow.com/search?q=python,0
http://microsoft-support-1ln6sh.cf/webscr?cmd=login,1
https://bbc.com/pricing,0
http://secure-wellsfargo-2s0jaix.com/signin?token=888056,1
https://www.microsoft.com/about,0
http://apple-secure-login.gq/verify,1
https://wikipedia.org/search?q=python,0
https://coursera.org/blog/2026/07/update,0
https://app.netflix.com/search?q=python,0
https://stackoverflow.com/search?q=python,0
https://www.amazon.com/search?q=python,0
https://www.python.org/search?q=python,0
https://www.microsoft.com/user/settings,0
https://docs.khanacademy.org/blog/2026/07/update,0
http://51.165.44.19/verify/wellsfargo/login.php,1
http://secure-amazon-dh73.com/signin?token=539457,1
https://www.spotify.com/user/settings,0
http://nfodrt98.ml/bankofamerica/confirm-password,1
https://www.wikipedia.org/search?q=python,0
http://29.219.120.118/verify/instagram/login.php,1
http://irslogin.ga-secure.net/index.html,1
http://chase-support-iz0iiwb.ga/webscr?cmd=login,1
https://chase.account-verify-4zfd.ml/,1
http://wellsfargo-secure-login.ga/verify,1
https://paypal.account-verify-4cr191e.xyz/,1
https://dropbox.com/help/faq,0
https://www.microsoft.com/contact,0
https://www.linkedin.com/contact,0
http://apple-support-gbto2.gq/webscr?cmd=login,1
https://www.linkedin.com/pricing,0
https://bbc.com/about,0
http://amazon-support-ahwm60bl.cf/webscr?cmd=login,1
https://www.coursera.org/search?q=python,0
https://app.apple.com/contact,0
https://www.khanacademy.org/docs/getting-started,0
http://irslogin.tk-secure.net/index.html,1
http://secure-paypal-fpea0.com/signin?token=157989,1
https://docs.wikipedia.org/search?q=python,0
https://www.microsoft.com/,0
https://app.nytimes.com/products,0
https://app.reddit.com/pricing,0
http://umiz.tk/irs/confirm-password,1
http://secure-bankofamerica-avn3uo.com/signin?token=589922,1
https://docs.apple.com/help/faq,0
https://www.bbc.com/pricing,0
https://amazon.account-verify-t5g7ws9r.ml/,1
http://itkqo4.info/wellsfargo/confirm-password,1
http://paypal-support-shd5t.info/webscr?cmd=login,1
http://117.76.236.29/verify/paypal/login.php,1
https://wikipedia.org/search?q=python,0
http://secure-instagram-m2ch.com/signin?token=500073,1
https://docs.microsoft.com/docs/getting-started,0
http://facebooklogin.gq-secure.net/index.html,1
https://docs.amazon.com/pricing,0
https://python.org/about,0
https://www.github.com/help/faq,0
http://secure-instagram-vp8h4.com/signin?token=774199,1
http://instagramlogin.xyz-secure.net/index.html,1
https://docs.google.com/search?q=python,0
https://google.account-verify-bhtp1.cf/,1
http://19.92.8.143/verify/wellsfargo/login.php,1
https://docs.wikipedia.org/user/settings,0
http://netflix-support-i8qatswz.gq/webscr?cmd=login,1
http://facebook.5jac.gq/account/update,1
http://bankofamerica-secure-login.top/verify,1
http://253.166.169.141/verify/google/login.php,1
http://facebook.mflff.ml/account/update,1
http://97.46.97.174/verify/google/login.php,1
https://docs.spotify.com/about,0
http://amazon-support-34y7x.cf/webscr?cmd=login,1
https://www.microsoft.com/blog/2026/07/update,0
https://docs.apple.com/,0
http://fc4tdi.gq/apple/confirm-password,1
https://figma.com/user/settings,0
http://irs-support-2vwfxz.tk/webscr?cmd=login,1
https://docs.khanacademy.org/docs/getting-started,0
https://amazon.account-verify-2y9k2.xyz/,1
https://app.wikipedia.org/,0
http://facebooklogin.xyz-secure.net/index.html,1
https://app.dropbox.com/help/faq,0
https://www.dropbox.com/help/faq,0
http://facebooklogin.tk-secure.com/index.html,1
https://python.org/products,0
https://spotify.com/products,0
https://www.coursera.org/pricing,0
https://docs.github.com/products,0
https://www.salesforce.com/about,0
https://www.microsoft.com/,0
https://google.account-verify-0ruxg.top/,1
https://docs.figma.com/products,0
http://irs.6vktx1m.cf/account/update,1
http://instagram-support-6c85g0jp.ga/webscr?cmd=login,1
https://stackoverflow.com/user/settings,0
http://58.240.139.141/verify/amazon/login.php,1
https://dropbox.com/contact,0
http://ae2of.ml/paypal/confirm-password,1
http://211.226.178.69/verify/amazon/login.php,1
https://www.dropbox.com/about,0
https://www.apple.com/products,0
http://instagram-support-dyslri.cf/webscr?cmd=login,1
http://facebook.yfdvw10h.gq/account/update,1
http://9myxl.xyz/wellsfargo/confirm-password,1
http://secure-amazon-5axg1gh6.com/signin?token=458735,1
http://microsoft-secure-login.cf/verify,1
https://www.wikipedia.org/docs/getting-started,0
https://www.wikipedia.org/pricing,0
https://amazon.com/,0
https://docs.amazon.com/products,0
https://apple.com/blog/2026/07/update,0
https://microsoft.com/blog/2026/07/update,0
https://app.google.com/search?q=python,0
https://nytimes.com/products,0
http://instagram-support-5u7w86ng.info/webscr?cmd=login,1
https://facebook.account-verify-o3xpa.tk/,1
https://bbc.com/user/settings,0
https://www.google.com/contact,0
http://paypal-support-yoxzc.cf/webscr?cmd=login,1
https://apple.account-verify-b1lw.ml/,1
https://amazon.account-verify-3unv8t0q.tk/,1
https://figma.com/contact,0
https://app.nytimes.com/docs/getting-started,0
https://netflix.account-verify-68r63.tk/,1
https://app.khanacademy.org/user/settings,0
https://instagram.account-verify-fee60b.top/,1
http://77.211.38.100/verify/facebook/login.php,1
http://wellsfargo-support-cmkribq.info/webscr?cmd=login,1
https://netflix.account-verify-7h7a.cf/,1
https://docs.bbc.com/search?q=python,0
http://ceten7gg.tk/irs/confirm-password,1
https://docs.bbc.com/blog/2026/07/update,0
http://secure-irs-0zaqv.com/signin?token=869253,1
https://docs.notion.so/help/faq,0
https://www.github.com/user/settings,0
https://www.stackoverflow.com/products,0
https://instagram.account-verify-fi7tgh5o.top/,1
https://app.reddit.com/docs/getting-started,0
http://bankofamerica-secure-login.ml/verify,1
http://20.96.192.76/verify/irs/login.php,1
http://secure-bankofamerica-q8pvr9.com/signin?token=528499,1
https://docs.coursera.org/blog/2026/07/update,0
https://docs.netflix.com/contact,0
https://netflix.account-verify-50kj6i5.info/,1
http://instagramlogin.info-secure.net/index.html,1
http://bankofamerica-support-0lks.ml/webscr?cmd=login,1
https://www.wikipedia.org/contact,0
http://137.190.101.44/verify/irs/login.php,1
http://googlelogin.top-secure.com/index.html,1
http://4hw4.info/wellsfargo/confirm-password,1
https://docs.stackoverflow.com/pricing,0
http://amazon.k78m4w.ga/account/update,1
https://docs.figma.com/search?q=python,0
https://app.stackoverflow.com/about,0
http://oua5fisv.ml/apple/confirm-password,1
http://3i5h3rmb.cf/amazon/confirm-password,1
https://www.apple.com/docs/getting-started,0
http://4hx6bq.info/facebook/confirm-password,1
https://www.coursera.org/,0
https://netflix.account-verify-3hiuj02h.ga/,1
https://www.notion.so/search?q=python,0
https://app.microsoft.com/contact,0
https://docs.khanacademy.org/blog/2026/07/update,0
http://irs-secure-login.ga/verify,1
https://docs.figma.com/contact,0
https://salesforce.com/about,0
https://google.account-verify-bnylrjz.top/,1
https://bankofamerica.account-verify-vhl31xl9.xyz/,1
http://microsoft-support-7z7gf.top/webscr?cmd=login,1
https://docs.google.com/user/settings,0
https://apple.account-verify-xgst8.top/,1
https://docs.apple.com/,0
http://secure-amazon-ts5bjj.com/signin?token=822866,1
http://bankofamerica.y4r1f1x.cf/account/update,1
http://irs.ck9xh0h.cf/account/update,1
http://netflix-support-udjzs.gq/webscr?cmd=login,1
https://chase.account-verify-m9zgiu.ml/,1
https://app.google.com/blog/2026/07/update,0
https://docs.stackoverflow.com/products,0
https://microsoft.com/docs/getting-started,0
https://www.stackoverflow.com/products,0
http://paypal-secure-login.ga/verify,1
https://www.salesforce.com/contact,0
https://www.notion.so/contact,0
http://apple-support-c4d0np09.top/webscr?cmd=login,1
https://notion.so/about,0
http://irslogin.info-secure.com/index.html,1
http://microsoft-secure-login.ga/verify,1
http://bankofamerica-support-uw5wgl.info/webscr?cmd=login,1
http://google.87z8msui.ml/account/update,1
http://microsoft.kcmhmyw.top/account/update,1
https://notion.so/blog/2026/07/update,0
https://docs.netflix.com/user/settings,0
http://secure-irs-v2ashjd.com/signin?token=924960,1
https://amazon.account-verify-fw3383g.cf/,1
http://135.182.99.187/verify/wellsfargo/login.php,1
http://secure-apple-nik6p0a.com/signin?token=715511,1
https://khanacademy.org/,0
http://wellsfargo-support-nric.ga/webscr?cmd=login,1
https://docs.salesforce.com/user/settings,0
https://www.netflix.com/pricing,0
https://docs.nytimes.com/pricing,0
https://www.reddit.com/docs/getting-started,0
https://docs.dropbox.com/pricing,0
https://docs.python.org/blog/2026/07/update,0
http://instagram.voev.ga/account/update,1
https://linkedin.com/user/settings,0
https://docs.python.org/search?q=python,0
https://docs.amazon.com/docs/getting-started,0
http://m0kic.cf/paypal/confirm-password,1
http://secure-apple-xxstk.com/signin?token=596213,1
https://docs.github.com/search?q=python,0
http://130.20.235.93/verify/wellsfargo/login.php,1
https://docs.python.org/help/faq,0
http://paypal-secure-login.info/verify,1
https://app.microsoft.com/products,0
http://amazonlogin.cf-secure.net/index.html,1
https://www.khanacademy.org/about,0
http://bankofamerica-secure-login.ga/verify,1
https://www.dropbox.com/pricing,0
http://netflix.90e4b0o.tk/account/update,1
https://app.khanacademy.org/contact,0
http://114.98.187.146/verify/amazon/login.php,1
https://stackoverflow.com/about,0
https://docs.linkedin.com/docs/getting-started,0
http://tc21zm.gq/paypal/confirm-password,1
https://wikipedia.org/docs/getting-started,0
https://app.reddit.com/help/faq,0
http://google.cgc56o.info/account/update,1
http://paypal.9og2zrf.cf/account/update,1
https://www.notion.so/blog/2026/07/update,0
http://secure-google-wu43.com/signin?token=914203,1
https://www.bbc.com/user/settings,0
https://docs.reddit.com/pricing,0
https://docs.dropbox.com/products,0
https://docs.nytimes.com/pricing,0
https://www.linkedin.com/,0
http://98.154.46.17/verify/amazon/login.php,1
https://irs.account-verify-9ddv.gq/,1
http://9.34.224.251/verify/irs/login.php,1
https://docs.dropbox.com/pricing,0
https://app.google.com/products,0
https://microsoft.account-verify-hrdc.cf/,1
https://docs.khanacademy.org/help/faq,0
http://irslogin.top-secure.com/index.html,1
http://115.242.244.11/verify/chase/login.php,1
https://app.notion.so/docs/getting-started,0
http://amazon-support-5uj84ic8.tk/webscr?cmd=login,1
http://paypal-secure-login.cf/verify,1
https://www.python.org/search?q=python,0
https://app.dropbox.com/contact,0
http://luwb.ml/amazon/confirm-password,1
http://apple.2f3av7tq.gq/account/update,1
https://docs.spotify.com/pricing,0
http://amazon.8h39x.ml/account/update,1
https://docs.salesforce.com/help/faq,0
http://dyyvdq.ga/netflix/confirm-password,1
http://netflix.yocf8y.info/account/update,1
https://wellsfargo.account-verify-30ixa1k.xyz/,1
https://app.wikipedia.org/user/settings,0
http://microsoft-secure-login.gq/verify,1
https://amazon.account-verify-0l93im.tk/,1
https://www.coursera.org/docs/getting-started,0
https://docs.python.org/products,0
http://irs-secure-login.xyz/verify,1
http://irs-support-uh5gllj5.xyz/webscr?cmd=login,1
https://khanacademy.org/about,0
http://16.17.127.89/verify/chase/login.php,1
http://secure-instagram-slc1yevq.com/signin?token=654789,1
http://google.k8uu.cf/account/update,1
https://docs.stackoverflow.com/blog/2026/07/update,0
https://www.bbc.com/docs/getting-started,0
https://app.spotify.com/docs/getting-started,0
https://www.figma.com/help/faq,0
http://microsoft-support-olxl7.cf/webscr?cmd=login,1
https://app.netflix.com/contact,0
https://microsoft.com/contact,0
http://apple-secure-login.xyz/verify,1
https://www.amazon.com/about,0
https://app.netflix.com/user/settings,0
http://246.226.25.205/verify/amazon/login.php,1
https://docs.coursera.org/products,0
https://linkedin.com/about,0
https://apple.account-verify-9da9wh.gq/,1
http://secure-paypal-wmmmevm.com/signin?token=701302,1
https://google.com/products,0
https://docs.bbc.com/search?q=python,0
https://stackoverflow.com/pricing,0
https://python.org/contact,0
http://secure-apple-tybgf.com/signin?token=350067,1
http://netflix.rv70.info/account/update,1
http://netflix.ed0ij4kp.gq/account/update,1
https://www.apple.com/user/settings,0
https://bankofamerica.account-verify-5u7cg.info/,1
https://docs.stackoverflow.com/help/faq,0
https://app.wikipedia.org/pricing,0
https://www.netflix.com/user/settings,0
https://www.wikipedia.org/contact,0
https://docs.coursera.org/blog/2026/07/update,0
https://amazon.com/help/faq,0
http://google-support-b9uok.xyz/webscr?cmd=login,1
http://h2t0u.ml/instagram/confirm-password,1
https://www.apple.com/,0
http://apple-secure-login.ga/verify,1
https://github.com/user/settings,0
http://secure-google-avpsl7f.com/signin?token=397058,1
http://bankofamerica.7r2mjny.xyz/account/update,1
http://microsoft-support-kcxpakfr.tk/webscr?cmd=login,1
https://netflix.account-verify-w77m8ku1.tk/,1
https://spotify.com/pricing,0
https://app.github.com/pricing,0
https://www.wikipedia.org/,0
http://47.141.103.130/verify/google/login.php,1
http://amazon.15fjda4l.tk/account/update,1
http://secure-paypal-rdb6n7xb.com/signin?token=471138,1
http://189.212.98.185/verify/microsoft/login.php,1
https://dropbox.com/products,0
https://docs.linkedin.com/docs/getting-started,0
http://irs-support-14d61d.cf/webscr?cmd=login,1
https://app.amazon.com/contact,0
https://bankofamerica.account-verify-9b0jpi3.xyz/,1
http://amazonlogin.ga-secure.net/index.html,1
https://www.figma.com/contact,0
https://python.org/,0
http://chase-secure-login.cf/verify,1
https://www.wikipedia.org/contact,0
https://www.wikipedia.org/user/settings,0
https://google.com/help/faq,0
https://docs.bbc.com/about,0
https://www.microsoft.com/user/settings,0
https://app.figma.com/about,0
https://amazon.account-verify-vrjora.xyz/,1
http://google.z45y.info/account/update,1
http://75.41.8.53/verify/microsoft/login.php,1
http://1tex2w.info/chase/confirm-password,1
https://www.salesforce.com/user/settings,0
https://paypal.account-verify-4fxby.xyz/,1
http://microsoft-secure-login.ga/verify,1
https://paypal.account-verify-dxilqten.xyz/,1
https://www.nytimes.com/user/settings,0
http://paypal-secure-login.ml/verify,1
http://irs-support-qudhhi.ml/webscr?cmd=login,1
http://82.12.5.246/verify/irs/login.php,1
http://facebook-secure-login.ga/verify,1
https://app.coursera.org/contact,0
http://5l8nwgjx.ga/amazon/confirm-password,1
https://figma.com/blog/2026/07/update,0
http://secure-bankofamerica-tqf3.com/signin?token=916872,1
https://app.notion.so/,0
http://instagram.fg9kn.gq/account/update,1
http://apple-secure-login.cf/verify,1
http://q6sitv69.cf/paypal/confirm-password,1
https://app.notion.so/contact,0
https://www.stackoverflow.com/docs/getting-started,0
http://paypallogin.tk-secure.net/index.html,1
https://docs.github.com/help/faq,0
http://amazon.m1vz.info/account/update,1
http://microsoftlogin.ga-secure.com/index.html,1
https://docs.notion.so/pricing,0
https://apple.com/products,0
http://instagramlogin.ga-secure.com/index.html,1
https://app.microsoft.com/docs/getting-started,0
https://www.amazon.com/products,0
https://nytimes.com/about,0
https://amazon.account-verify-59pl.xyz/,1
http://secure-paypal-cd05.com/signin?token=598053,1
https://google.account-verify-w5byc5f4.ml/,1
https://dropbox.com/contact,0
https://www.spotify.com/about,0
http://secure-microsoft-r6b66.com/signin?token=939305,1
http://secure-paypal-bgqae.com/signin?token=444841,1
https://app.notion.so/contact,0
https://wikipedia.org/docs/getting-started,0
http://secure-instagram-dfut.com/signin?token=910295,1
http://irslogin.xyz-secure.com/index.html,1
https://www.bbc.com/products,0
https://www.amazon.com/blog/2026/07/update,0
http://2.2.46.238/verify/facebook/login.php,1
http://paypal-support-pf6d4r.cf/webscr?cmd=login,1
https://app.dropbox.com/search?q=python,0
http://secure-bankofamerica-jyncp.com/signin?token=969264,1
http://246.157.88.94/verify/chase/login.php,1
https://spotify.com/,0
http://secure-wellsfargo-slgfs.com/signin?token=24812,1
https://docs.wikipedia.org/about,0
https://microsoft.com/about,0
http://52.137.185.40/verify/microsoft/login.php,1
http://zqlp.ml/paypal/confirm-password,1
https://docs.coursera.org/search?q=python,0
http://secure-apple-92f9ru.com/signin?token=165016,1
https://www.google.com/,0
https://docs.figma.com/contact,0
http://secure-google-r9ke7j2.com/signin?token=311035,1
https://khanacademy.org/docs/getting-started,0
http://irslogin.xyz-secure.com/index.html,1
http://73.88.186.96/verify/chase/login.php,1
http://71bzsay.ga/amazon/confirm-password,1
https://docs.google.com/blog/2026/07/update,0
https://app.reddit.com/help/faq,0
https://wikipedia.org/blog/2026/07/update,0
https://docs.reddit.com/products,0
http://secure-paypal-f5vjcip.com/signin?token=538693,1
http://secure-netflix-0kdulb.com/signin?token=748949,1
http://secure-google-jdolc.com/signin?token=494090,1
https://amazon.com/contact,0
http://13.156.250.51/verify/apple/login.php,1
https://docs.dropbox.com/contact,0
https://amazon.com/,0
http://irs-secure-login.cf/verify,1
https://spotify.com/,0
https://docs.salesforce.com/about,0
http://netflix-support-q5ahzmq.cf/webscr?cmd=login,1
http://9qwb0hwm.xyz/netflix/confirm-password,1
http://irslogin.ml-secure.com/index.html,1
http://6tml.ml/facebook/confirm-password,1
http://applelogin.xyz-secure.com/index.html,1
http://netflix-secure-login.ml/verify,1
https://www.figma.com/products,0
https://app.stackoverflow.com/,0
https://docs.salesforce.com/contact,0
http://wellsfargo-secure-login.cf/verify,1
http://irs-support-vd6xdhyx.cf/webscr?cmd=login,1
https://docs.wikipedia.org/docs/getting-started,0
https://app.salesforce.com/contact,0
http://microsoft.ifl9n.tk/account/update,1
https://linkedin.com/blog/2026/07/update,0
https://salesforce.com/,0
https://docs.figma.com/search?q=python,0
https://facebook.account-verify-qz4by2w.top/,1
http://wellsfargologin.ga-secure.net/index.html,1
http://paypal.s3j90.xyz/account/update,1
https://wikipedia.org/help/faq,0
http://netflix.h7ounb0.gq/account/update,1
http://secure-apple-yxdo.com/signin?token=95343,1
http://google-secure-login.ml/verify,1
https://amazon.account-verify-iflvsx.top/,1
https://www.khanacademy.org/about,0
http://irs-support-himaq.info/webscr?cmd=login,1
http://bankofamerica-secure-login.gq/verify,1
https://app.khanacademy.org/about,0
https://google.account-verify-um25qlz1.xyz/,1
http://192.177.200.48/verify/facebook/login.php,1
https://app.reddit.com/docs/getting-started,0
https://www.bbc.com/user/settings,0
https://www.bbc.com/blog/2026/07/update,0
https://irs.account-verify-ovot9.gq/,1
https://docs.notion.so/products,0
http://google.kadl9ns.ga/account/update,1
http://32.137.29.176/verify/irs/login.php,1
http://amazonlogin.xyz-secure.net/index.html,1
http://netflix.6ouupm.gq/account/update,1
https://google.account-verify-df1vt.cf/,1
https://www.google.com/contact,0
https://nytimes.com/products,0
https://khanacademy.org/user/settings,0
http://facebooklogin.top-secure.net/index.html,1
https://app.wikipedia.org/products,0
https://app.python.org/docs/getting-started,0
http://bankofamericalogin.tk-secure.com/index.html,1
https://docs.bbc.com/about,0
https://app.wikipedia.org/docs/getting-started,0
https://www.amazon.com/,0
https://docs.bbc.com/about,0
https://www.amazon.com/help/faq,0
http://97.116.118.32/verify/paypal/login.php,1
https://salesforce.com/help/faq,0
https://docs.reddit.com/about,0
https://docs.amazon.com/,0
http://224.85.202.171/verify/amazon/login.php,1
https://www.figma.com/user/settings,0
http://chaselogin.tk-secure.com/index.html,1
https://www.microsoft.com/search?q=python,0
http://google-secure-login.ga/verify,1
https://google.account-verify-xanbx.cf/,1
https://docs.salesforce.com/help/faq,0
http://googlelogin.xyz-secure.com/index.html,1
http://microsoft-secure-login.cf/verify,1
https://microsoft.com/pricing,0
https://app.salesforce.com/about,0
https://app.microsoft.com/help/faq,0
http://39.84.64.14/verify/microsoft/login.php,1
http://80.239.130.98/verify/bankofamerica/login.php,1
https://docs.microsoft.com/blog/2026/07/update,0
http://paypal.1tim.gq/account/update,1
http://secure-apple-vfgz.com/signin?token=602885,1
https://app.reddit.com/blog/2026/07/update,0
http://netflixlogin.ml-secure.net/index.html,1
http://microsoft.ulazua.cf/account/update,1
https://salesforce.com/,0
https://app.coursera.org/user/settings,0
https://docs.dropbox.com/pricing,0
https://www.python.org/products,0
https://docs.microsoft.com/,0
http://enrsq9.ga/paypal/confirm-password,1
https://netflix.com/contact,0
https://app.amazon.com/search?q=python,0
http://lbipq.info/irs/confirm-password,1
https://docs.stackoverflow.com/pricing,0
https://app.google.com/,0
https://irs.account-verify-r2xahhf.ml/,1
https://docs.apple.com/user/settings,0
http://secure-bankofamerica-m444n.com/signin?token=104858,1
https://www.salesforce.com/search?q=python,0
http://facebook-support-lq61.info/webscr?cmd=login,1
https://www.github.com/user/settings,0
https://reddit.com/contact,0
https://spotify.com/blog/2026/07/update,0
https://docs.netflix.com/pricing,0
http://amazon.iacc.top/account/update,1
http://wellsfargo-support-sc5g2mi.xyz/webscr?cmd=login,1
https://github.com/contact,0
https://app.spotify.com/docs/getting-started,0
http://251.194.234.185/verify/instagram/login.php,1
https://bbc.com/contact,0
https://docs.github.com/about,0
http://instagram-support-gfgfb0g5.top/webscr?cmd=login,1
https://www.nytimes.com/docs/getting-started,0
http://chase-secure-login.tk/verify,1
https://docs.nytimes.com/contact,0
https://linkedin.com/about,0
https://app.reddit.com/docs/getting-started,0
http://instagramlogin.top-secure.com/index.html,1
https://figma.com/blog/2026/07/update,0
https://docs.salesforce.com/search?q=python,0
https://figma.com/blog/2026/07/update,0
http://wellsfargo.4cut9.top/account/update,1
https://www.linkedin.com/about,0
https://www.dropbox.com/about,0
http://24kha.tk/google/confirm-password,1
https://docs.google.com/help/faq,0
https://www.github.com/contact,0
https://app.stackoverflow.com/docs/getting-started,0
http://paypallogin.top-secure.com/index.html,1
http://secure-wellsfargo-di62.com/signin?token=447070,1
https://docs.salesforce.com/about,0
https://www.notion.so/pricing,0
http://instagram-support-wjai7sx5.xyz/webscr?cmd=login,1
https://instagram.account-verify-cabjx7u.cf/,1
https://docs.khanacademy.org/search?q=python,0
https://docs.netflix.com/user/settings,0
http://secure-google-nt5e7.com/signin?token=157605,1
https://bbc.com/user/settings,0
http://secure-instagram-46ww9.com/signin?token=895877,1
https://app.spotify.com/search?q=python,0
http://paypal.lodq10bd.tk/account/update,1
http://secure-chase-dnb68c7.com/signin?token=672740,1
http://facebooklogin.info-secure.net/index.html,1
http://irs.uokzs.ml/account/update,1
http://secure-irs-k6p6eg.com/signin?token=860398,1
http://netflix.j561hu.info/account/update,1
https://app.apple.com/about,0
https://www.nytimes.com/about,0
https://www.microsoft.com/pricing,0
http://wellsfargo-support-yk42161.ml/webscr?cmd=login,1
http://53s2klz.top/google/confirm-password,1
https://www.amazon.com/pricing,0
https://app.amazon.com/contact,0
https://coursera.org/,0
http://paypal.j577f.xyz/account/update,1
http://instagram-support-c8zplf.tk/webscr?cmd=login,1
http://microsoft-secure-login.ml/verify,1
https://www.netflix.com/user/settings,0
https://app.salesforce.com/about,0
http://8.245.132.173/verify/instagram/login.php,1
https://www.bbc.com/user/settings,0
https://app.salesforce.com/user/settings,0
https://docs.khanacademy.org/blog/2026/07/update,0
https://docs.microsoft.com/docs/getting-started,0
https://app.khanacademy.org/help/faq,0
https://google.account-verify-ujrydjf5.tk/,1
https://www.netflix.com/docs/getting-started,0
http://instagram-secure-login.gq/verify,1
https://app.bbc.com/blog/2026/07/update,0
https://www.amazon.com/contact,0
http://apple.6hf4i8a1.info/account/update,1
http://chase-secure-login.cf/verify,1
https://docs.figma.com/user/settings,0
https://netflix.com/docs/getting-started,0
http://3.228.211.6/verify/google/login.php,1
http://microsoft.jspket.xyz/account/update,1
https://docs.nytimes.com/user/settings,0
http://paypallogin.top-secure.com/index.html,1
http://bankofamerica-secure-login.ga/verify,1
http://ibh7rpx.tk/amazon/confirm-password,1
https://www.python.org/,0
https://docs.bbc.com/search?q=python,0
https://app.salesforce.com/,0
http://instagramlogin.ga-secure.com/index.html,1
https://docs.figma.com/products,0
https://docs.amazon.com/pricing,0
https://amazon.account-verify-zia9c7i.ga/,1
http://118.220.147.192/verify/apple/login.php,1
https://nytimes.com/contact,0
http://jcwe2gb.top/netflix/confirm-password,1
http://secure-netflix-b8q93.com/signin?token=3049,1
https://docs.github.com/user/settings,0
http://zje7le.info/google/confirm-password,1
https://python.org/,0
https://facebook.account-verify-f9s9.cf/,1
https://docs.stackoverflow.com/about,0
https://app.nytimes.com/help/faq,0
https://docs.stackoverflow.com/products,0
http://facebook.2eog4xo.ga/account/update,1
http://instagram-secure-login.xyz/verify,1
http://g49zn4.info/paypal/confirm-password,1
https://www.bbc.com/blog/2026/07/update,0
https://apple.account-verify-z1jfwe7.info/,1
http://wellsfargo.oojqxzl.gq/account/update,1
http://chase-support-war7jz.top/webscr?cmd=login,1
https://docs.microsoft.com/user/settings,0
http://secure-microsoft-uah7t7.com/signin?token=108596,1
http://113.103.51.53/verify/bankofamerica/login.php,1
https://khanacademy.org/search?q=python,0
https://irs.account-verify-b0znlde.ml/,1
http://secure-apple-uqx9r4i.com/signin?token=398315,1
http://wellsfargo-secure-login.top/verify,1
http://google-secure-login.ml/verify,1
http://sk8ge.xyz/facebook/confirm-password,1
https://www.reddit.com/blog/2026/07/update,0
http://133.239.157.129/verify/netflix/login.php,1
https://app.microsoft.com/,0
https://docs.apple.com/docs/getting-started,0
https://nytimes.com/,0
https://docs.github.com/products,0
http://110.37.199.123/verify/netflix/login.php,1
https://app.figma.com/help/faq,0
http://155.139.6.244/verify/bankofamerica/login.php,1
https://docs.reddit.com/products,0
https://app.google.com/about,0
https://www.amazon.com/help/faq,0
https://netflix.com/pricing,0
http://google-secure-login.info/verify,1
https://app.wikipedia.org/help/faq,0
http://secure-bankofamerica-u3zk549.com/signin?token=626727,1
http://amazonlogin.gq-secure.net/index.html,1
https://app.bbc.com/search?q=python,0
http://184.139.171.75/verify/microsoft/login.php,1
https://app.khanacademy.org/help/faq,0
http://netflix-secure-login.top/verify,1
http://63.107.68.126/verify/amazon/login.php,1
http://753m.gq/apple/confirm-password,1
https://app.coursera.org/search?q=python,0
https://notion.so/,0
https://docs.amazon.com/blog/2026/07/update,0
https://github.com/contact,0
https://www.bbc.com/contact,0
https://app.nytimes.com/about,0
https://docs.reddit.com/help/faq,0
https://notion.so/,0
https://app.linkedin.com/products,0
https://docs.dropbox.com/search?q=python,0
http://secure-amazon-dxuj911n.com/signin?token=232746,1
https://app.spotify.com/user/settings,0
https://www.stackoverflow.com/user/settings,0
https://www.coursera.org/,0
https://www.khanacademy.org/,0
http://google.id7l8oip.info/account/update,1
https://microsoft.com/products,0
http://u9ux01.ga/instagram/confirm-password,1
https://app.python.org/pricing,0
http://apple.s85f22z.cf/account/update,1
https://app.wikipedia.org/user/settings,0
https://paypal.account-verify-585upu34.gq/,1
http://secure-chase-kmycga5h.com/signin?token=164547,1
https://app.stackoverflow.com/about,0
https://app.salesforce.com/products,0
http://secure-irs-d6ah7r.com/signin?token=615017,1
https://figma.com/pricing,0
https://app.coursera.org/products,0
http://paypal.hqcbqp8.info/account/update,1
https://docs.apple.com/products,0
http://6322j.info/chase/confirm-password,1
https://www.linkedin.com/pricing,0
https://wellsfargo.account-verify-szjivf4.ml/,1
http://instagram.2uc9odqq.tk/account/update,1
http://apple-secure-login.top/verify,1
http://google-support-sra0n.tk/webscr?cmd=login,1
http://secure-amazon-adqchdte.com/signin?token=277537,1
http://secure-bankofamerica-blqgb.com/signin?token=872834,1
https://www.khanacademy.org/docs/getting-started,0
http://yftzf.ml/wellsfargo/confirm-password,1
https://docs.khanacademy.org/help/faq,0
https://google.account-verify-wv3ir.ml/,1
https://docs.stackoverflow.com/pricing,0
https://docs.stackoverflow.com/,0
https://www.github.com/pricing,0
http://secure-chase-jqn0iv.com/signin?token=987540,1
http://nyfgih.xyz/irs/confirm-password,1
https://instagram.account-verify-oybjs.tk/,1
https://apple.com/pricing,0
https://wikipedia.org/user/settings,0
https://docs.linkedin.com/pricing,0
https://spotify.com/about,0
https://nytimes.com/contact,0
http://65y9i4v.xyz/netflix/confirm-password,1
https://facebook.account-verify-67hkn.ml/,1
http://amazon.zci6p.top/account/update,1
https://www.bbc.com/about,0
http://secure-amazon-ywu51.com/signin?token=505667,1
https://apple.com/search?q=python,0
https://www.nytimes.com/,0
https://docs.reddit.com/pricing,0
https://docs.apple.com/search?q=python,0
http://irs-support-anzxwid.gq/webscr?cmd=login,1
https://docs.amazon.com/pricing,0
https://docs.figma.com/search?q=python,0
https://figma.com/user/settings,0
https://bbc.com/about,0
http://instagram-secure-login.tk/verify,1
https://www.dropbox.com/products,0
https://docs.salesforce.com/contact,0
http://tmc7vh.top/bankofamerica/confirm-password,1
https://docs.dropbox.com/docs/getting-started,0
https://facebook.account-verify-lzr5ed.tk/,1
https://app.amazon.com/docs/getting-started,0
https://microsoft.account-verify-58flm6.top/,1
http://secure-bankofamerica-2x0p.com/signin?token=220630,1
https://docs.nytimes.com/products,0
https://docs.dropbox.com/user/settings,0
http://fwlp8z2.info/wellsfargo/confirm-password,1
http://secure-chase-bgnciax0.com/signin?token=596900,1
http://applelogin.gq-secure.com/index.html,1
http://nnpv0im.top/amazon/confirm-password,1
http://gdy1ms.info/paypal/confirm-password,1
https://www.khanacademy.org/,0
https://microsoft.account-verify-037xb2j.ga/,1
https://app.spotify.com/contact,0
https://app.github.com/,0
https://docs.netflix.com/user/settings,0
https://docs.dropbox.com/blog/2026/07/update,0
https://notion.so/about,0
https://www.amazon.com/search?q=python,0
https://salesforce.com/blog/2026/07/update,0
http://hbkfl.top/wellsfargo/confirm-password,1
https://figma.com/docs/getting-started,0
https://app.coursera.org/contact,0
http://microsoft.4wt7u7f.top/account/update,1
https://netflix.com/pricing,0
https://spotify.com/help/faq,0
https://www.notion.so/docs/getting-started,0
https://www.amazon.com/docs/getting-started,0
https://docs.notion.so/help/faq,0
http://242.118.194.95/verify/instagram/login.php,1
https://www.amazon.com/search?q=python,0
http://secure-microsoft-jbj4.com/signin?token=976369,1
http://irs-secure-login.tk/verify,1
https://stackoverflow.com/blog/2026/07/update,0
https://docs.amazon.com/help/faq,0
http://secure-paypal-z0iex.com/signin?token=207143,1
http://paypallogin.ml-secure.net/index.html,1
https://app.python.org/,0
https://netflix.account-verify-avjd7l.ga/,1
http://chase-secure-login.top/verify,1
https://instagram.account-verify-sw694c4e.top/,1
http://googlelogin.xyz-secure.com/index.html,1
https://docs.notion.so/docs/getting-started,0
https://notion.so/help/faq,0
https://docs.stackoverflow.com/contact,0
http://bankofamericalogin.tk-secure.com/index.html,1
https://docs.bbc.com/blog/2026/07/update,0
https://app.spotify.com/search?q=python,0
https://app.salesforce.com/contact,0
https://app.nytimes.com/pricing,0
http://wellsfargo-support-t4yt8su.tk/webscr?cmd=login,1
http://222.81.90.32/verify/facebook/login.php,1
http://facebook-support-pa2jmzhd.top/webscr?cmd=login,1
http://a2tib2r.cf/bankofamerica/confirm-password,1
http://secure-apple-g8lw.com/signin?token=765764,1
https://docs.khanacademy.org/contact,0
https://app.figma.com/about,0
https://microsoft.account-verify-uogp.xyz/,1
https://python.org/blog/2026/07/update,0
https://docs.khanacademy.org/products,0
http://amazon-support-rjxd4.info/webscr?cmd=login,1
https://app.netflix.com/products,0
https://www.reddit.com/pricing,0
https://app.figma.com/help/faq,0
https://dropbox.com/about,0
http://secure-amazon-303i.com/signin?token=57102,1
http://s4il6fj.top/wellsfargo/confirm-password,1
http://chaselogin.ml-secure.com/index.html,1
https://docs.python.org/pricing,0
https://www.coursera.org/search?q=python,0
http://2l97t.top/netflix/confirm-password,1
https://docs.stackoverflow.com/help/faq,0
http://secure-bankofamerica-uzlucsu.com/signin?token=594092,1
http://netflixlogin.xyz-secure.net/index.html,1
https://docs.apple.com/user/settings,0
https://www.python.org/search?q=python,0
https://www.nytimes.com/user/settings,0
http://231.177.30.237/verify/irs/login.php,1
https://www.microsoft.com/help/faq,0
http://facebook-secure-login.ga/verify,1
https://bankofamerica.account-verify-rstqi.ml/,1
https://bankofamerica.account-verify-cy4n0ntk.cf/,1
https://amazon.account-verify-w9535hj.info/,1
http://amazon.mtn6.top/account/update,1
http://bankofamerica.daigu.ml/account/update,1
https://coursera.org/help/faq,0
https://www.coursera.org/blog/2026/07/update,0
http://google-support-ipurn.info/webscr?cmd=login,1
https://app.spotify.com/blog/2026/07/update,0
https://www.github.com/pricing,0
https://www.stackoverflow.com/user/settings,0
https://docs.python.org/docs/getting-started,0
https://www.apple.com/help/faq,0
http://microsoft-secure-login.top/verify,1
https://notion.so/,0
http://nwi5.top/bankofamerica/confirm-password,1
http://microsoftlogin.top-secure.com/index.html,1
https://app.microsoft.com/contact,0
https://apple.account-verify-kk9of0.xyz/,1
https://python.org/products,0
https://app.spotify.com/products,0
http://google-support-ct0fvrd.gq/webscr?cmd=login,1
https://docs.bbc.com/pricing,0
https://www.apple.com/pricing,0
https://app.khanacademy.org/pricing,0
http://41.71.30.4/verify/bankofamerica/login.php,1
https://www.wikipedia.org/contact,0
https://khanacademy.org/blog/2026/07/update,0
https://www.github.com/user/settings,0
http://123.71.168.223/verify/irs/login.php,1
https://docs.salesforce.com/docs/getting-started,0
https://amazon.com/docs/getting-started,0
https://app.netflix.com/blog/2026/07/update,0
https://reddit.com/blog/2026/07/update,0
http://secure-irs-hux9z7z.com/signin?token=230713,1
http://instagramlogin.info-secure.net/index.html,1
https://coursera.org/blog/2026/07/update,0
http://123.67.100.63/verify/wellsfargo/login.php,1
http://irs-secure-login.gq/verify,1
http://instagram-support-0s1me4xl.info/webscr?cmd=login,1
http://bankofamerica-support-16iaji.info/webscr?cmd=login,1
http://paypal-support-1q6f8.xyz/webscr?cmd=login,1
http://bankofamericalogin.top-secure.net/index.html,1
http://paypallogin.gq-secure.net/index.html,1
https://app.google.com/products,0
http://82.215.226.38/verify/apple/login.php,1
http://netflixlogin.top-secure.com/index.html,1
http://249.85.193.68/verify/amazon/login.php,1
https://www.netflix.com/about,0
https://wikipedia.org/search?q=python,0
https://microsoft.account-verify-j8z2.tk/,1
https://app.github.com/,0
http://microsoft-secure-login.tk/verify,1
https://irs.account-verify-qxv4z.top/,1
https://app.figma.com/,0
http://amazon-support-a0gv.tk/webscr?cmd=login,1
http://135.27.176.115/verify/google/login.php,1
https://app.coursera.org/,0
https://docs.python.org/user/settings,0
https://docs.figma.com/help/faq,0
http://ebkf0.ml/chase/confirm-password,1
http://f3ankgfk.ml/chase/confirm-password,1
http://google-secure-login.xyz/verify,1
https://docs.google.com/user/settings,0
http://apple-secure-login.gq/verify,1
https://spotify.com/about,0
http://instagram.3nm2.info/account/update,1
https://app.apple.com/docs/getting-started,0
https://reddit.com/about,0
http://amazon-secure-login.info/verify,1
https://www.python.org/help/faq,0
https://app.linkedin.com/blog/2026/07/update,0
http://secure-facebook-htucr0f5.com/signin?token=920652,1
https://app.reddit.com/blog/2026/07/update,0
http://177.145.173.69/verify/amazon/login.php,1
http://paypal-secure-login.tk/verify,1
https://www.netflix.com/contact,0
https://app.wikipedia.org/user/settings,0
http://facebook-support-r0qb7.info/webscr?cmd=login,1
https://www.spotify.com/,0
https://docs.python.org/,0
http://1ze8oay.tk/chase/confirm-password,1
http://instagram.2wlnc.tk/account/update,1
http://34.26.41.184/verify/apple/login.php,1
https://google.account-verify-u7m5c.info/,1
http://chaselogin.ga-secure.net/index.html,1
http://152.17.210.210/verify/irs/login.php,1
https://stackoverflow.com/pricing,0
https://bbc.com/about,0
https://docs.reddit.com/help/faq,0
https://www.wikipedia.org/contact,0
https://app.apple.com/,0
http://secure-paypal-o96jhrx.com/signin?token=548386,1
https://app.spotify.com/products,0
http://secure-wellsfargo-tuxy.com/signin?token=861109,1
https://app.reddit.com/user/settings,0
http://1mismx.top/google/confirm-password,1
https://docs.dropbox.com/pricing,0
http://l0h9.gq/google/confirm-password,1
http://googlelogin.ga-secure.net/index.html,1
http://y0x4kn.info/facebook/confirm-password,1
https://netflix.account-verify-jhkd.ga/,1
https://wellsfargo.account-verify-qw34j38x.cf/,1
https://app.amazon.com/contact,0
https://www.github.com/user/settings,0
https://www.wikipedia.org/,0
https://docs.wikipedia.org/user/settings,0
http://secure-paypal-ikxtnux.com/signin?token=85046,1
http://bankofamerica.axo6srq.info/account/update,1
https://www.reddit.com/user/settings,0
http://92.40.36.68/verify/microsoft/login.php,1
https://python.org/contact,0
http://wellsfargo-support-9s3516.cf/webscr?cmd=login,1
https://dropbox.com/search?q=python,0
http://chase-secure-login.ml/verify,1
https://docs.reddit.com/blog/2026/07/update,0
https://www.netflix.com/contact,0
https://www.netflix.com/docs/getting-started,0
https://app.salesforce.com/user/settings,0
http://irslogin.ga-secure.net/index.html,1
http://facebooklogin.tk-secure.com/index.html,1
https://docs.google.com/help/faq,0
http://bankofamerica-secure-login.info/verify,1
http://70.142.247.137/verify/irs/login.php,1
http://wellsfargo-secure-login.info/verify,1
https://app.coursera.org/,0
https://docs.linkedin.com/search?q=python,0
http://secure-wellsfargo-uqricu.com/signin?token=300714,1
http://google-secure-login.xyz/verify,1
http://netflixlogin.info-secure.net/index.html,1
https://app.reddit.com/about,0
https://microsoft.com/search?q=python,0
http://chaselogin.gq-secure.com/index.html,1
https://amazon.com/pricing,0
https://wellsfargo.account-verify-lllhavp.ga/,1
https://irs.account-verify-2khqo.ga/,1
http://12.227.155.238/verify/bankofamerica/login.php,1
http://153.32.38.138/verify/google/login.php,1
https://docs.stackoverflow.com/pricing,0
http://4cxuqe.ml/chase/confirm-password,1
http://163.110.104.175/verify/amazon/login.php,1
http://secure-instagram-nm08.com/signin?token=813000,1
https://chase.account-verify-np3jjc.cf/,1
https://google.com/docs/getting-started,0
https://microsoft.com/search?q=python,0
https://apple.account-verify-hj2gc.info/,1
http://facebook-secure-login.info/verify,1
https://www.amazon.com/user/settings,0
http://google.dtzofg.cf/account/update,1
https://www.nytimes.com/blog/2026/07/update,0
http://microsoft.8fqqv9il.ml/account/update,1
http://irs-secure-login.info/verify,1
https://app.nytimes.com/about,0
http://google-support-8d7m4.ml/webscr?cmd=login,1
http://google-support-kjs7nx7q.xyz/webscr?cmd=login,1
https://netflix.com/pricing,0
http://secure-amazon-m1xer.com/signin?token=438766,1
http://amazon.oibgde5.gq/account/update,1
https://app.amazon.com/about,0
http://wellsfargo.t3mqsncv.ml/account/update,1
https://app.spotify.com/search?q=python,0
https://www.netflix.com/help/faq,0
https://www.netflix.com/search?q=python,0
https://www.stackoverflow.com/user/settings,0
http://paypallogin.xyz-secure.com/index.html,1
http://microsoft-secure-login.ml/verify,1
https://app.figma.com/pricing,0
http://paypal-secure-login.gq/verify,1
https://google.account-verify-2228djot.ml/,1
http://microsoft-support-udjo8.tk/webscr?cmd=login,1
http://secure-bankofamerica-hgbij.com/signin?token=361836,1
https://wellsfargo.account-verify-22tf0myw.top/,1
https://www.google.com/help/faq,0
https://docs.salesforce.com/blog/2026/07/update,0
http://u1lwp.tk/chase/confirm-password,1
https://www.python.org/pricing,0
https://www.amazon.com/blog/2026/07/update,0
https://app.netflix.com/products,0
https://bbc.com/pricing,0
http://chase-secure-login.ga/verify,1
http://chaselogin.xyz-secure.net/index.html,1
http://facebook-support-vwejr.xyz/webscr?cmd=login,1
http://197.42.197.241/verify/facebook/login.php,1
https://www.stackoverflow.com/help/faq,0
https://docs.apple.com/contact,0
https://docs.figma.com/pricing,0
https://app.spotify.com/search?q=python,0
https://www.netflix.com/help/faq,0
http://netflix.wzatvyx.info/account/update,1
http://96.9.137.45/verify/bankofamerica/login.php,1
http://microsoft.ipxhrl.tk/account/update,1
https://docs.dropbox.com/,0
http://microsoft.9789h.ga/account/update,1
http://wellsfargo.7k09l.ga/account/update,1
http://wellsfargo-support-zqygjb1h.xyz/webscr?cmd=login,1
http://instagram-support-e38h0.cf/webscr?cmd=login,1
http://secure-instagram-sk7t0tk.com/signin?token=22715,1
http://ytxbu5m.ml/netflix/confirm-password,1
https://www.coursera.org/docs/getting-started,0
https://docs.apple.com/search?q=python,0
https://docs.dropbox.com/search?q=python,0
http://secure-paypal-bd5r.com/signin?token=105548,1
https://docs.wikipedia.org/about,0
http://google-support-c3nwy5.tk/webscr?cmd=login,1
http://secure-paypal-1egd9d.com/signin?token=310242,1
http://facebooklogin.ga-secure.com/index.html,1
https://app.reddit.com/help/faq,0
https://bankofamerica.account-verify-caqhiu3.top/,1
https://www.stackoverflow.com/docs/getting-started,0
https://app.spotify.com/help/faq,0
http://ksggs.tk/irs/confirm-password,1
http://wellsfargo-secure-login.cf/verify,1
http://microsoft-support-wm7qu.cf/webscr?cmd=login,1
http://secure-wellsfargo-n9cuw.com/signin?token=156130,1
https://app.figma.com/contact,0
https://app.salesforce.com/pricing,0
http://microsoft-support-aql06g9.cf/webscr?cmd=login,1
http://118.238.153.32/verify/google/login.php,1
https://www.microsoft.com/,0
https://app.spotify.com/products,0
https://app.netflix.com/pricing,0
http://secure-paypal-ufhkp7.com/signin?token=749226,1
http://secure-facebook-4iqlusm.com/signin?token=89498,1
http://secure-chase-9axi.com/signin?token=987442,1
https://app.stackoverflow.com/,0
http://microsoftlogin.ga-secure.net/index.html,1
https://apple.account-verify-5gifjtem.tk/,1
https://www.apple.com/about,0
http://google.y4pv33b.gq/account/update,1
https://docs.microsoft.com/about,0
http://apple-secure-login.tk/verify,1
http://15.20.15.33/verify/microsoft/login.php,1
https://www.microsoft.com/search?q=python,0
https://docs.salesforce.com/about,0
http://apple.rjjmfyr.top/account/update,1
https://app.python.org/help/faq,0
http://secure-paypal-c6wzl3h7.com/signin?token=483418,1
http://apple-secure-login.xyz/verify,1
http://facebook-support-bwf4i.cf/webscr?cmd=login,1
https://docs.stackoverflow.com/user/settings,0
https://apple.account-verify-8ohirr.tk/,1
https://app.figma.com/contact,0
https://reddit.com/user/settings,0
http://secure-google-z5j3.com/signin?token=973880,1
